--,--,--,--,--,--,--,--,--,--,--,--,--
"Notes"
"Gross transaction amount: The total payment for a transaction before any fees or credits are applied."
"Gross transaction amounts and fees are listed in the transaction currency. Net amounts are listed in the payout currency."
"All fee amounts shown include taxes."
""
"Transaction report"
"This report includes transaction type","order, refund, claim, payment dispute, postage label, charge, transfer, hold, other fee, adjustment, purchase, payout, secondary payout, withheld tax, reserve "
"Seller","cakesbodylimited"
"Start date","01/06/2026 00:00:00 AM BST"
"End date","30/06/2026 23:59:59 PM BST"
"Transaction creation date","Type","Order number","Legacy order ID","Buyer username","Buyer name","Post to city","Post to province/region/state","Post to postcode","Post to country","Net amount","Payout currency","Payout date","Payout ID","Payout method","Payout status","Reason for hold","Item ID","Transaction ID","Item title","Custom label","Quantity","Item subtotal","Postage and packaging","Seller collected tax","eBay collected tax","Seller specified VAT rate","Final value fee – fixed","Final value fee – variable","Regulatory operating fee","Very high 'item not as described' fee","Below standard performance fee","International fee","Gross transaction amount","Transaction currency","Exchange rate","Reference ID","Description"
"30 Jun 2026","Other fee","25-14813-50935","25-14813-50935","marg-7884","Margaret Nevins","--","--","--","--","-0.19","GBP","--","--","--","--","--","336542415062","--","--","--","--","--","--","--","--","0%","--","--","--","--","--","--","-0.19","GBP","--","FEE-7647003664014_11","Promoted Listings - General fee "
"30 Jun 2026","Other fee","25-14813-50935","25-14813-50935","marg-7884","Margaret Nevins","--","--","--","--","-0.19","GBP","--","--","--","--","--","336542415062","--","--","--","--","--","--","--","--","0%","--","--","--","--","--","--","-0.19","GBP","--","FEE-7647003617814_11","Promoted Listings - General fee "
"30 Jun 2026","Order","25-14813-50935","25-14813-50935","marg-7884","Margaret Nevins","Stranraer","Dumfries and Galloway","DG9 9AF","GB","13.5","GBP","--","--","--","--","Funds on hold. ","--","--","--","--","--","--","--","--","--","0%","--","--","--","--","--","--","15.98","GBP","--","--","--"
"30 Jun 2026","Order","25-14813-50935","25-14813-50935","marg-7884","Margaret Nevins","Stranraer","Dumfries and Galloway","DG9 9AF","GB","--","--","--","--","--","--","Funds on hold. ","336542415062","10081810783725","Neck Fan Hands Free Bladeless Cooling Fans USB Rechargeable Portable Hanging UK","2_Gr","1","7.99","0","--","--","0%","-0.12","-1.14","-0.04","--","--","--","--","--","--","--","--"
"30 Jun 2026","Order","25-14813-50935","25-14813-50935","marg-7884","Margaret Nevins","Stranraer","Dumfries and Galloway","DG9 9AF","GB","--","--","--","--","--","--","Funds on hold. ","336542415062","10081810783825","Neck Fan Hands Free Bladeless Cooling Fans USB Rechargeable Portable Hanging UK","2_Wh","1","7.99","0","--","--","0%","--","-1.14","-0.04","--","--","--","--","--","--","--","--"
"30 Jun 2026","Other fee","18-14823-51854","18-14823-51854","jobohoneyhenry","JOANNE SEGGIE","--","--","--","--","-0.19","GBP","--","--","--","--","--","336542415062","--","--","--","--","--","--","--","--","0%","--","--","--","--","--","--","-0.19","GBP","--","FEE-7645890216914_11","Promoted Listings - General fee "
"30 Jun 2026","Order","18-14823-51854","18-14823-51854","jobohoneyhenry","JOANNE SEGGIE","Bury St Edmunds","Suffolk","IP33 2EG","GB","6.69","GBP","--","--","--","--","Funds on hold. ","336542415062","10085998025118","Neck Fan Hands Free Bladeless Cooling Fans USB Rechargeable Portable Hanging UK","2_Gr","1","7.99","0","--","--","0%","-0.12","-1.14","-0.04","--","--","--","7.99","GBP","--","--","--"
"30 Jun 2026","Other fee","09-14838-53883","09-14838-53883","kkat2581.kg1yrpqgy","Kate Donkin","--","--","--","--","-0.19","GBP","--","--","--","--","--","336542415062","--","--","--","--","--","--","--","--","0%","--","--","--","--","--","--","-0.19","GBP","--","FEE-7645881998714_11","Promoted Listings - General fee "
"30 Jun 2026","Order","09-14838-53883","09-14838-53883","kkat2581.kg1yrpqgy","Kate Donkin","Sunderland","Tyne and Wear","Dh5 0ea","GB","6.69","GBP","--","--","--","--","Funds on hold. ","336542415062","10081987793909","Neck Fan Hands Free Bladeless Cooling Fans USB Rechargeable Portable Hanging UK","2_Pi","1","7.99","0","--","--","0%","-0.12","-1.14","-0.04","--","--","--","7.99","GBP","--","--","--"
"30 Jun 2026","Other fee","14-14830-09556","14-14830-09556","tiwat7817","Tina Waters","--","--","--","--","-0.53","GBP","--","--","--","--","--","336508726340","--","--","--","--","--","--","--","--","0%","--","--","--","--","--","--","-0.53","GBP","--","FEE-7645801365814_11","Promoted Listings - General fee "
"30 Jun 2026","Order","14-14830-09556","14-14830-09556","tiwat7817","Tina Waters","Evesham","Worcestershire","WR11 2RU","GB","2.82","GBP","--","--","--","--","Funds on hold. ","336508726340","10082995802314","2pcs Concealer Brush Mushroom Makeup Brushes Set Concealer Foundation Sponge UK","ZOSh0476_2p","1","3.67","0","--","--","0%","-0.36","-0.48","-0.01","--","--","--","3.67","GBP","--","--","--"
"30 Jun 2026","Other fee","10-14836-50017","10-14836-50017","pagi-82122","Malcolm Paginton","--","--","--","--","-0.19","GBP","--","--","--","--","--","336542415062","--","--","--","--","--","--","--","--","0%","--","--","--","--","--","--","-0.19","GBP","--","FEE-7645718941214_11","Promoted Listings - General fee "
"30 Jun 2026","Order","10-14836-50017","10-14836-50017","pagi-82122","Malcolm Paginton","Kingskerswell, Newton Abbot","Devon","TQ12 5DB","GB","6.69","GBP","--","--","--","--","Funds on hold. ","336542415062","10083038093910","Neck Fan Hands Free Bladeless Cooling Fans USB Rechargeable Portable Hanging UK","2_Wh","1","7.99","0","--","--","0%","-0.12","-1.14","-0.04","--","--","--","7.99","GBP","--","--","--"
"30 Jun 2026","Other fee","25-14810-83856","25-14810-83856","gem-ged-50sfl4coh","Gemma D'Aoust","--","--","--","--","-0.19","GBP","--","--","--","--","--","336542415062","--","--","--","--","--","--","--","--","0%","--","--","--","--","--","--","-0.19","GBP","--","FEE-7644968786914_11","Promoted Listings - General fee "
"30 Jun 2026","Order","25-14810-83856","25-14810-83856","gem-ged-50sfl4coh","Gemma D'Aoust","cranliegh","Surrey","GU6 7RZ","GB","6.69","GBP","--","--","--","--","Funds on hold. ","336542415062","10081795841325","Neck Fan Hands Free Bladeless Cooling Fans USB Rechargeable Portable Hanging UK","2_Pi","1","7.99","0","--","--","0%","-0.12","-1.14","-0.04","--","--","--","7.99","GBP","--","--","--"
"30 Jun 2026","Other fee","01-14850-99175","01-14850-99175","kahi353","Kate Hill","--","--","--","--","-0.3","GBP","--","--","--","--","--","336490648747","--","--","--","--","--","--","--","--","0%","--","--","--","--","--","--","-0.3","GBP","--","FEE-7643888547414_11","Promoted Listings - General fee "
"30 Jun 2026","Order","01-14850-99175","01-14850-99175","kahi353","Kate Hill","Kingswinford","West Midlands","DY6 8PY","GB","3.96","GBP","--","--","--","--","Funds on hold. ","336490648747","10082075127101","5x Disposable Emergency Raincoat Adult Waterproof PONCHO Rain Festivals Hiking","MPL260104-CB","1","4.99","0","--","--","0%","-0.36","-0.65","-0.02","--","--","--","4.99","GBP","--","--","--"
"29 Jun 2026","Order","01-14850-89393","01-14850-89393","kraz662","Natalie Culshaw","Wallasey","Merseyside","CH45 8NQ","GB","51","GBP","--","--","--","--","Funds on hold. ","--","--","--","--","--","--","--","--","--","0%","--","--","--","--","--","--","59.94","GBP","--","--","--"
"29 Jun 2026","Order","01-14850-89393","01-14850-89393","kraz662","Natalie Culshaw","Wallasey","Merseyside","CH45 8NQ","GB","--","--","--","--","--","--","Funds on hold. ","336542415062","10082074586301","Neck Fan Hands Free Bladeless Cooling Fans USB Rechargeable Portable Hanging UK","2_Pi","1","9.99","0","--","--","0%","--","-1.43","-0.04","--","--","--","--","--","--","--","--"
"29 Jun 2026","Order","01-14850-89393","01-14850-89393","kraz662","Natalie Culshaw","Wallasey","Merseyside","CH45 8NQ","GB","--","--","--","--","--","--","Funds on hold. ","336542415062","10082074586401","Neck Fan Hands Free Bladeless Cooling Fans USB Rechargeable Portable Hanging UK","2_Gr","2","19.98","0","--","--","0%","-0.12","-2.86","-0.08","--","--","--","--","--","--","--","--"
"29 Jun 2026","Order","01-14850-89393","01-14850-89393","kraz662","Natalie Culshaw","Wallasey","Merseyside","CH45 8NQ","GB","--","--","--","--","--","--","Funds on hold. ","336542415062","10082074586501","Neck Fan Hands Free Bladeless Cooling Fans USB Rechargeable Portable Hanging UK","2_Wh","1","9.99","0","--","--","0%","--","-1.43","-0.04","--","--","--","--","--","--","--","--"
"29 Jun 2026","Order","01-14850-89393","01-14850-89393","kraz662","Natalie Culshaw","Wallasey","Merseyside","CH45 8NQ","GB","--","--","--","--","--","--","Funds on hold. ","336542415062","10082074586601","Neck Fan Hands Free Bladeless Cooling Fans USB Rechargeable Portable Hanging UK","2_Bl","2","19.98","0","--","--","0%","--","-2.86","-0.08","--","--","--","--","--","--","--","--"
"29 Jun 2026","Order","09-14835-75117","09-14835-75117","unde-5788","Karen Underhill","Liversedge","West Yorkshire","WF15 7PX","GB","8.4","GBP","--","--","--","--","Funds on hold. ","336542415062","10081971862709","Neck Fan Hands Free Bladeless Cooling Fans USB Rechargeable Portable Hanging UK","2_Wh","1","9.99","0","--","--","0%","-0.12","-1.43","-0.04","--","--","--","9.99","GBP","--","--","--"
"29 Jun 2026","Order","10-14833-29699","10-14833-29699","pieanmash","Georgina Davey","Ipswich","Suffolk","IP2 0LP","GB","8.4","GBP","--","--","--","--","Funds on hold. ","336542415062","10083019831910","Neck Fan Hands Free Bladeless Cooling Fans USB Rechargeable Portable Hanging UK","2_Pi","1","9.99","0","--","--","0%","-0.12","-1.43","-0.04","--","--","--","9.99","GBP","--","--","--"
"29 Jun 2026","Order","14-14826-45372","14-14826-45372","deniscampi_0","Denise Campin","Uxbridge","Middlesex","UB83SF","GB","5.94","GBP","--","--","--","--","Funds on hold. ","336630235397","10082975190814","NEW Genuine medicube Pink Peptide Eye Cream 30ml Korean Skincare Dark Circles UK","ASWD014","1","7.29","0","--","--","0%","-0.36","-0.95","-0.04","--","--","--","7.29","GBP","--","--","--"
"29 Jun 2026","Other fee","06-14840-10395","06-14840-10395","whiting551karen","Karen Whiting","--","--","--","--","-0.24","GBP","--","--","--","--","--","336334564345","--","--","--","--","--","--","--","--","0%","--","--","--","--","--","--","-0.24","GBP","--","FEE-7643381117714_11","Promoted Listings - General fee "
"29 Jun 2026","Order","06-14840-10395","06-14840-10395","whiting551karen","Karen Whiting","Derby","Derbyshire","DE74 2SQ","GB","3.05","GBP","--","--","--","--","Funds on hold. ","336334564345","10082887051406","3x Mini Plastic Spray Bottles Perfume Bottle Travel  Makeup Water Refillable","MPL260061-CB_La","1","3.94","0","--","--","0%","-0.36","-0.52","-0.01","--","--","--","3.94","GBP","--","--","--"
"29 Jun 2026","Order","14-14825-85908","14-14825-85908","2311jmw72","jason white","Watford","Hertfordshire","Wd5 0nw","GB","14.45","GBP","--","--","--","--","Funds on hold. ","336542415062","10082971817114","Neck Fan Hands Free Bladeless Cooling Fans USB Rechargeable Portable Hanging UK","2_Gr","2","17.08","0","--","--","0%","-0.12","-2.44","-0.07","--","--","--","17.08","GBP","--","--","--"
"29 Jun 2026","Order","01-14848-95959","01-14848-95959","lmillie1","Heather Davies","Sheffield","South Yorkshire","S26 4SJ","GB","7.55","GBP","--","--","--","--","Funds on hold. ","336542415062","10082063730201","Neck Fan Hands Free Bladeless Cooling Fans USB Rechargeable Portable Hanging UK","2_Wh","1","8.99","0","--","--","0%","-0.12","-1.28","-0.04","--","--","--","8.99","GBP","--","--","--"
"29 Jun 2026","Order","17-14820-63702","17-14820-63702","mamou444","Mary Moulton","Oldham","Lancashire","OL9 8QG","GB","7.55","GBP","--","--","--","--","Funds on hold. ","336542415062","10082968934717","Neck Fan Hands Free Bladeless Cooling Fans USB Rechargeable Portable Hanging UK","2_Pi","1","8.99","0","--","--","0%","-0.12","-1.28","-0.04","--","--","--","8.99","GBP","--","--","--"
"29 Jun 2026","Order","26-14805-57857","26-14805-57857","daphers1960","Daphne Atkins","wallingford","Oxfordshire","ox107pz","GB","7.55","GBP","--","--","--","--","Funds on hold. ","336542415062","10081769776626","Neck Fan Hands Free Bladeless Cooling Fans USB Rechargeable Portable Hanging UK","2_Bl","1","8.99","0","--","--","0%","-0.12","-1.28","-0.04","--","--","--","8.99","GBP","--","--","--"
"29 Jun 2026","Order","14-14825-69332","14-14825-69332","rockyhorror08","DENISE SALMON","CHELMSFORD","Essex","CM1 6UP","GB","7.55","GBP","--","--","--","--","Funds on hold. ","336542415062","10082970894014","Neck Fan Hands Free Bladeless Cooling Fans USB Rechargeable Portable Hanging UK","2_Wh","1","8.99","0","--","--","0%","-0.12","-1.28","-0.04","--","--","--","8.99","GBP","--","--","--"
"29 Jun 2026","Order","27-14804-14906","27-14804-14906","dbar7387","Dierdre Barham","Colchester","Essex","CO2 7HW","GB","14.45","GBP","--","--","--","--","Funds on hold. ","336542415062","10086124356527","Neck Fan Hands Free Bladeless Cooling Fans USB Rechargeable Portable Hanging UK","2_Bl","2","17.08","0","--","--","0%","-0.12","-2.44","-0.07","--","--","--","17.08","GBP","--","--","--"
"29 Jun 2026","Other fee","27-14804-01676","27-14804-01676","*prado1*","SHAUN SIMMONDS","--","--","--","--","-0.22","GBP","--","--","--","--","--","336542415062","--","--","--","--","--","--","--","--","0%","--","--","--","--","--","--","-0.22","GBP","--","FEE-7643004580714_11","Promoted Listings - General fee "
"29 Jun 2026","Order","27-14804-01676","27-14804-01676","*prado1*","SHAUN SIMMONDS","BRISTOL","SOUTH GLOSS","BS166UE","GB","7.55","GBP","--","--","--","--","Funds on hold. ","336542415062","10086123634327","Neck Fan Hands Free Bladeless Cooling Fans USB Rechargeable Portable Hanging UK","NadCB01_Gr","1","8.99","0","--","--","0%","-0.12","-1.28","-0.04","--","--","--","8.99","GBP","--","--","--"
"29 Jun 2026","Other fee","24-14823-49208","24-14823-49208","dspi4494","Danusia Spink","--","--","--","--","-0.19","GBP","--","--","--","--","--","336542415062","--","--","--","--","--","--","--","--","0%","--","--","--","--","--","--","-0.19","GBP","--","FEE-7642961619814_11","Promoted Listings - General fee "
"29 Jun 2026","Order","24-14823-49208","24-14823-49208","dspi4494","Danusia Spink","Croydon","Surrey","CR05HP","GB","6.69","GBP","--","--","--","--","Funds on hold. ","336542415062","10081945887824","Neck Fan Hands Free Bladeless Cooling Fans USB Rechargeable Portable Hanging UK","NadCB01_Pi","1","7.99","0","--","--","0%","-0.12","-1.14","-0.04","--","--","--","7.99","GBP","--","--","--"
"29 Jun 2026","Other fee","26-14805-11218","26-14805-11218","blandfordway","Karen Brown","--","--","--","--","-0.36","GBP","--","--","--","--","--","336542415062","--","--","--","--","--","--","--","--","0%","--","--","--","--","--","--","-0.36","GBP","--","FEE-7642878409414_11","Promoted Listings - General fee "
"29 Jun 2026","Order","26-14805-11218","26-14805-11218","blandfordway","Karen Brown","Newcastle-Upon-Tyne","Tyne and Wear","NE29 6JW","GB","12.83","GBP","--","--","--","--","Funds on hold. ","336542415062","10081767154726","Neck Fan Hands Free Bladeless Cooling Fans USB Rechargeable Portable Hanging UK","NadCB01_Bl","2","15.18","0","--","--","0%","-0.12","-2.17","-0.06","--","--","--","15.18","GBP","--","--","--"
"29 Jun 2026","Other fee","15-14823-40131","15-14823-40131","subowd-75","Susan Bowditch","--","--","--","--","-0.19","GBP","--","--","--","--","--","336542415062","--","--","--","--","--","--","--","--","0%","--","--","--","--","--","--","-0.19","GBP","--","FEE-7642869344614_11","Promoted Listings - General fee "
"29 Jun 2026","Order","15-14823-40131","15-14823-40131","subowd-75","Susan Bowditch","Wisbech","Cambridgeshire","PE13 4HD","GB","6.69","GBP","--","--","--","--","Funds on hold. ","336542415062","10082972607915","Neck Fan Hands Free Bladeless Cooling Fans USB Rechargeable Portable Hanging UK","NadCB01_Gr","1","7.99","0","--","--","0%","-0.12","-1.14","-0.04","--","--","--","7.99","GBP","--","--","--"
"29 Jun 2026","Other fee","21-14813-11242","21-14813-11242","sparmar09","Sushila Parmar","--","--","--","--","-0.19","GBP","--","--","--","--","--","336542415062","--","--","--","--","--","--","--","--","0%","--","--","--","--","--","--","-0.19","GBP","--","FEE-7642859940714_11","Promoted Listings - General fee "
"29 Jun 2026","Order","21-14813-11242","21-14813-11242","sparmar09","Sushila Parmar","Harrow","Middlesex","Ha3 6PU","GB","6.69","GBP","--","--","--","--","Funds on hold. ","336542415062","10087116910121","Neck Fan Hands Free Bladeless Cooling Fans USB Rechargeable Portable Hanging UK","NadCB01_Pi","1","7.99","0","--","--","0%","-0.12","-1.14","-0.04","--","--","--","7.99","GBP","--","--","--"
"29 Jun 2026","Other fee","05-14840-88234","05-14840-88234","4allexpress","Ayomide Maito","--","--","--","--","-0.19","GBP","--","--","--","--","--","336542415062","--","--","--","--","--","--","--","--","0%","--","--","--","--","--","--","-0.19","GBP","--","FEE-7642849600314_11","Promoted Listings - General fee "
"29 Jun 2026","Order","05-14840-88234","05-14840-88234","4allexpress","Ayomide Maito","Ipswich","Suffolk","IP1 2PP","GB","6.69","GBP","--","--","--","--","Funds on hold. ","336542415062","10082202731205","Neck Fan Hands Free Bladeless Cooling Fans USB Rechargeable Portable Hanging UK","NadCB01_Gr","1","7.99","0","--","--","0%","-0.12","-1.14","-0.04","--","--","--","7.99","GBP","--","--","--"
"29 Jun 2026","Other fee","19-14816-70080","19-14816-70080","hamil-clar","clare hamilton","--","--","--","--","-0.19","GBP","--","--","--","--","--","336542415062","--","--","--","--","--","--","--","--","0%","--","--","--","--","--","--","-0.19","GBP","--","FEE-7642793574014_11","Promoted Listings - General fee "
"29 Jun 2026","Order","19-14816-70080","19-14816-70080","hamil-clar","clare hamilton","glasgow","South Lanarkshire","g731rg","GB","6.69","GBP","--","--","--","--","Funds on hold. ","336542415062","10082920508719","Neck Fan Hands Free Bladeless Cooling Fans USB Rechargeable Portable Hanging UK","NadCB01_Wh","1","7.99","0","--","--","0%","-0.12","-1.14","-0.04","--","--","--","7.99","GBP","--","--","--"
"29 Jun 2026","Other fee","10-14831-47764","10-14831-47764","hel-oaa3tr","Linda Helliwell","--","--","--","--","-0.19","GBP","--","--","--","--","--","336542415062","--","--","--","--","--","--","--","--","0%","--","--","--","--","--","--","-0.19","GBP","--","FEE-7642767930514_11","Promoted Listings - General fee "
"29 Jun 2026","Other fee","22-14811-58310","22-14811-58310","hel-oaa3tr","Linda Helliwell","--","--","--","--","-0.19","GBP","--","--","--","--","--","336542415062","--","--","--","--","--","--","--","--","0%","--","--","--","--","--","--","-0.19","GBP","--","FEE-7642764301114_11","Promoted Listings - General fee "
"29 Jun 2026","Order","10-14831-47764","10-14831-47764","hel-oaa3tr","Linda Helliwell","Coventry","West Midlands","Cv6 6pt","GB","6.69","GBP","--","--","--","--","Funds on hold. ","336542415062","10083009485310","Neck Fan Hands Free Bladeless Cooling Fans USB Rechargeable Portable Hanging UK","NadCB01_Gr","1","7.99","0","--","--","0%","-0.12","-1.14","-0.04","--","--","--","7.99","GBP","--","--","--"
"29 Jun 2026","Order","22-14811-58310","22-14811-58310","hel-oaa3tr","Linda Helliwell","Coventry","West Midlands","Cv6 6pt","GB","6.69","GBP","--","--","--","--","Funds on hold. ","336542415062","10082197524622","Neck Fan Hands Free Bladeless Cooling Fans USB Rechargeable Portable Hanging UK","NadCB01_Pi","1","7.99","0","--","--","0%","-0.12","-1.14","-0.04","--","--","--","7.99","GBP","--","--","--"
"29 Jun 2026","Other fee","04-14841-87335","04-14841-87335","treasurekoko","EJIRO UBREDI","--","--","--","--","-0.56","GBP","--","--","--","--","--","336490648747","--","--","--","--","--","--","--","--","0%","--","--","--","--","--","--","-0.56","GBP","--","FEE-7642743715814_11","Promoted Listings - General fee "
"29 Jun 2026","Order","04-14841-87335","04-14841-87335","treasurekoko","EJIRO UBREDI","LEEDS","West Yorkshire","LS10 4FN","GB","7.84","GBP","--","--","--","--","Funds on hold. ","336490648747","10082555586904","5x Disposable Emergency Raincoat Adult Waterproof PONCHO Rain Festivals Hiking","MPL260104-CB","2","9.48","0","--","--","0%","-0.36","-1.24","-0.04","--","--","--","9.48","GBP","--","--","--"
"29 Jun 2026","Order","17-14819-71902","17-14819-71902","rhymneyblonde","Andria Jones","Rhymney","Caerphilly","NP22 5LJ","GB","6.69","GBP","--","--","--","--","Funds on hold. ","336542415062","10082963722217","Neck Fan Hands Free Bladeless Cooling Fans USB Rechargeable Portable Hanging UK","NadCB01_Gr","1","7.99","0","--","--","0%","-0.12","-1.14","-0.04","--","--","--","7.99","GBP","--","--","--"
"29 Jun 2026","Other fee","17-14819-71902","17-14819-71902","rhymneyblonde","Andria Jones","--","--","--","--","-0.19","GBP","--","--","--","--","--","336542415062","--","--","--","--","--","--","--","--","0%","--","--","--","--","--","--","-0.19","GBP","--","FEE-7642710206714_11","Promoted Listings - General fee "
"29 Jun 2026","Other fee","25-14806-49335","25-14806-49335","goddes-5141","Becky Jenkins","--","--","--","--","-0.36","GBP","--","--","--","--","--","336542415062","--","--","--","--","--","--","--","--","0%","--","--","--","--","--","--","-0.36","GBP","--","FEE-7642699418114_11","Promoted Listings - General fee "
"29 Jun 2026","Order","25-14806-49335","25-14806-49335","goddes-5141","Becky Jenkins","Cheltenham","Gloucestershire","GL50 4FJ","GB","12.83","GBP","--","--","--","--","Funds on hold. ","336542415062","10081771224425","Neck Fan Hands Free Bladeless Cooling Fans USB Rechargeable Portable Hanging UK","NadCB01_Bl","2","15.18","0","--","--","0%","-0.12","-2.17","-0.06","--","--","--","15.18","GBP","--","--","--"
"29 Jun 2026","Other fee","24-14822-67257","24-14822-67257","steer*antiques","Gillian Steer","--","--","--","--","-0.19","GBP","--","--","--","--","--","336542415062","--","--","--","--","--","--","--","--","0%","--","--","--","--","--","--","-0.19","GBP","--","FEE-7642527039614_11","Promoted Listings - General fee "
"29 Jun 2026","Order","24-14822-67257","24-14822-67257","steer*antiques","Gillian Steer","torquay","Devon","tq1 1pr","GB","6.69","GBP","--","--","--","--","Funds on hold. ","336542415062","10081941181424","Neck Fan Hands Free Bladeless Cooling Fans USB Rechargeable Portable Hanging UK","NadCB01_Pi","1","7.99","0","--","--","0%","-0.12","-1.14","-0.04","--","--","--","7.99","GBP","--","--","--"
"29 Jun 2026","Other fee","23-14809-56730","23-14809-56730","angbyw_0","Angela Bywater","--","--","--","--","-0.19","GBP","--","--","--","--","--","336542415062","--","--","--","--","--","--","--","--","0%","--","--","--","--","--","--","-0.19","GBP","--","FEE-7642491432314_11","Promoted Listings - General fee "
"29 Jun 2026","Order","23-14809-56730","23-14809-56730","angbyw_0","Angela Bywater","Doncaster","South Yorkshire","DN6 8BX","GB","6.69","GBP","--","--","--","--","Funds on hold. ","336542415062","10082148856423","Neck Fan Hands Free Bladeless Cooling Fans USB Rechargeable Portable Hanging UK","NadCB01_Bl","1","7.99","0","--","--","0%","-0.12","-1.14","-0.04","--","--","--","7.99","GBP","--","--","--"
"29 Jun 2026","Other fee","27-14802-63277","27-14802-63277","teddybear4kidslynn","Lynn Davison","--","--","--","--","-0.19","GBP","--","--","--","--","--","336542415062","--","--","--","--","--","--","--","--","0%","--","--","--","--","--","--","-0.19","GBP","--","FEE-7642142015714_11","Promoted Listings - General fee "
"29 Jun 2026","Order","27-14802-63277","27-14802-63277","teddybear4kidslynn","Lynn Davison","Middleton, Morecambe","Lancashire","LA3 3LL","GB","6.69","GBP","--","--","--","--","Funds on hold. ","336542415062","10086115699127","Neck Fan Hands Free Bladeless Cooling Fans USB Rechargeable Portable Hanging UK","NadCB01_Bl","1","7.99","0","--","--","0%","-0.12","-1.14","-0.04","--","--","--","7.99","GBP","--","--","--"
"29 Jun 2026","Other fee","01-14843-78600","01-14843-78600","peterbryan77","peter scurrell","--","--","--","--","-0.61","GBP","--","--","--","--","--","336534558207","--","--","--","--","--","--","--","--","0%","--","--","--","--","--","--","-0.61","GBP","--","FEE-7641642992114_11","Promoted Listings - General fee "
"28 Jun 2026","Other fee","15-14818-25318","15-14818-25318","woodsypaula","Paula Woods","--","--","--","--","-0.9","GBP","--","--","--","--","--","336339161386","--","--","--","--","--","--","--","--","0%","--","--","--","--","--","--","-0.9","GBP","--","FEE-7641516021614_11","Promoted Listings - General fee "
"28 Jun 2026","Other fee","06-14835-74536","06-14835-74536","lizpon2","ELIZABETH LITTLEFAIR","--","--","--","--","-0.28","GBP","--","--","--","--","--","336542415062","--","--","--","--","--","--","--","--","0%","--","--","--","--","--","--","-0.28","GBP","--","FEE-7641481517614_11","Promoted Listings - General fee "
"28 Jun 2026","Other fee","06-14835-74536","06-14835-74536","lizpon2","ELIZABETH LITTLEFAIR","--","--","--","--","-0.28","GBP","--","--","--","--","--","336542415062","--","--","--","--","--","--","--","--","0%","--","--","--","--","--","--","-0.28","GBP","--","FEE-7641481536814_11","Promoted Listings - General fee "
"28 Jun 2026","Other fee","07-14833-63703","07-14833-63703","nuttauk-jxavwzjg","Mrs A Nuttall","--","--","--","--","-0.29","GBP","--","--","--","--","--","336542415062","--","--","--","--","--","--","--","--","0%","--","--","--","--","--","--","-0.29","GBP","--","FEE-7641338375314_11","Promoted Listings - General fee "
"28 Jun 2026","Order","06-14835-74536","06-14835-74536","lizpon2","ELIZABETH LITTLEFAIR","SALTBURN BY THE SEA","Cleveland","TS12 2XG","GB","12.82","GBP","--","--","--","--","Funds on hold. ","--","--","--","--","--","--","--","--","--","0%","--","--","--","--","--","--","15.18","GBP","--","--","--"
"28 Jun 2026","Order","06-14835-74536","06-14835-74536","lizpon2","ELIZABETH LITTLEFAIR","SALTBURN BY THE SEA","Cleveland","TS12 2XG","GB","--","--","--","--","--","--","Funds on hold. ","336542415062","10082861690006","Neck Fan Hands Free Bladeless Cooling Fans USB Rechargeable Portable Hanging UK","NadCB01_Pi","1","7.59","0","--","--","0%","--","-1.08","-0.04","--","--","--","--","--","--","--","--"
"28 Jun 2026","Order","06-14835-74536","06-14835-74536","lizpon2","ELIZABETH LITTLEFAIR","SALTBURN BY THE SEA","Cleveland","TS12 2XG","GB","--","--","--","--","--","--","Funds on hold. ","336542415062","10082861690106","Neck Fan Hands Free Bladeless Cooling Fans USB Rechargeable Portable Hanging UK","NadCB01_Gr","1","7.59","0","--","--","0%","-0.12","-1.08","-0.04","--","--","--","--","--","--","--","--"
"28 Jun 2026","Order","14-14821-89514","14-14821-89514","euankelli","kelli mcinnes","Bonnyrigg","Midlothian","EH19 3PG","GB","8.03","GBP","--","--","--","--","Funds on hold. ","336607223837","10082948728214","2026 NEW Liquid Slow Dog Bowls Non slip Ball Bone Soup Dog Lick Bowl","AsReg29","2","9.98","0","--","--","0%","-0.36","-1.55","-0.04","--","--","--","9.98","GBP","--","--","--"
"28 Jun 2026","Other fee","25-14803-40994","25-14803-40994","d_sndav_dnsmpact","David Snelling","--","--","--","--","-0.29","GBP","--","--","--","--","--","336542415062","--","--","--","--","--","--","--","--","0%","--","--","--","--","--","--","-0.29","GBP","--","FEE-7641141095814_11","Promoted Listings - General fee "
"28 Jun 2026","Order","07-14833-63703","07-14833-63703","nuttauk-jxavwzjg","Mrs A Nuttall","Ormskirk","Lancashire","L39 5rj","GB","6.69","GBP","--","--","--","--","Funds on hold. ","336542415062","10087057949807","Neck Fan Hands Free Bladeless Cooling Fans USB Rechargeable Portable Hanging UK","NadCB01_Pi","1","7.99","0","--","--","0%","-0.12","-1.14","-0.04","--","--","--","7.99","GBP","--","--","--"
"28 Jun 2026","Order","25-14803-40994","25-14803-40994","d_sndav_dnsmpact","David Snelling","Godalming","Surrey","GU73PH","GB","6.69","GBP","--","--","--","--","Funds on hold. ","336542415062","10081752965025","Neck Fan Hands Free Bladeless Cooling Fans USB Rechargeable Portable Hanging UK","NadCB01_Wh","1","7.99","0","--","--","0%","-0.12","-1.14","-0.04","--","--","--","7.99","GBP","--","--","--"
"28 Jun 2026","Other fee","10-14827-29241","10-14827-29241","trisheypoo-uk","Patricia Saphier","--","--","--","--","-0.42","GBP","--","--","--","--","--","336375973242","--","--","--","--","--","--","--","--","0%","--","--","--","--","--","--","-0.42","GBP","--","FEE-7640780773814_11","Promoted Listings - General fee "
"28 Jun 2026","Order","10-14827-29241","10-14827-29241","trisheypoo-uk","Patricia Saphier","London","London","NW2 1BP","GB","5.85","GBP","--","--","--","--","Funds on hold. ","336375973242","10082984740210","1pc Clothes Drying Rack Wall Mounted Adjustable Angle Collapsible Coat Hanger","MPL260011-CB_Wh","1","6.99","0","--","--","0%","-0.12","-1","-0.02","--","--","--","6.99","GBP","--","--","--"
"28 Jun 2026","Order","01-14843-78600","01-14843-78600","peterbryan77","peter scurrell","ipswich","Suffolk","ip42ru","GB","4.56","GBP","--","--","--","--","Funds on hold. ","336534558207","10082033671501","Replacement Filter For Karcher Wet  Dry WD1/WD2/WD3, Vacuum Cleaner Wet Dry UK","MPL260032-CB","1","5.12","0","--","--","0%","-0.12","-0.42","-0.02","--","--","--","5.12","GBP","--","--","--"
"28 Jun 2026","Other fee","24-14741-71630","24-14741-71630","portmanly89","alan hillier","--","--","--","--","2.68","GBP","--","--","--","--","--","336375973242","--","--","--","--","--","--","--","--","0%","--","--","--","--","--","--","2.68","GBP","--","FEE-5849531874_42","Promoted Listings - General fee "
"28 Jun 2026","Refund","24-14741-71630","24-14741-71630","portmanly89","alan hillier","Swadlincote","Derbyshire","DE11 0TQ","GB","-12.66","GBP","--","--","--","--","--","--","--","1pc Clothes Drying Rack Wall Mounted Adjustable Angle Collapsible Coat Hanger","MPL260011-CB_Wh","--","--","--","--","--","0%","--","2.12","0.06","--","--","--","-14.84","GBP","--","Return ID 5322241203","--"
"28 Jun 2026","Order","15-14818-25318","15-14818-25318","woodsypaula","Paula Woods","Liverpool","Merseyside","L13 5XZ","GB","4.14","GBP","--","--","--","--","Funds on hold. ","336339161386","10082942255215","10pcs Artificial Pampas Grass Fake Reed Flower Bunch Wedding Home Decor Bunch","ZOSh0399_Da","1","4.99","0","--","--","0%","-0.12","-0.71","-0.02","--","--","--","4.99","GBP","--","--","--"
"28 Jun 2026","Other fee","26-14797-83764","26-14797-83764","jeroge40","Jean Rogerson","--","--","--","--","-0.14","GBP","--","--","--","--","--","336497544256","--","--","--","--","--","--","--","--","0%","--","--","--","--","--","--","-0.14","GBP","--","FEE-7639524419314_11","Promoted Listings - General fee "
"27 Jun 2026","Order","26-14797-83764","26-14797-83764","jeroge40","Jean Rogerson","Liverpool","Merseyside","L31 5LA","GB","4.82","GBP","--","--","--","--","Funds on hold. ","336497544256","10081724585626","1pc Urinal Bottle Male Female Urine Wee She Funnel Travel Camping Toilet Portabl","ZOSh0464","1","5.98","0","--","--","0%","-0.36","-0.78","-0.02","--","--","--","5.98","GBP","--","--","--"
"27 Jun 2026","Other fee","20-14806-74072","20-14806-74072","mr3201","Mrs E LEEKS","--","--","--","--","-1.32","GBP","--","--","--","--","--","336542415062","--","--","--","--","--","--","--","--","0%","--","--","--","--","--","--","-1.32","GBP","--","FEE-7638851142014_11","Promoted Listings - General fee "
"27 Jun 2026","Order","20-14806-74072","20-14806-74072","mr3201","Mrs E LEEKS","Havant/","Hampshire","PO9 4RZ","GB","6.69","GBP","--","--","--","--","Funds on hold. ","336542415062","10081893041620","Portable Hanging Neck Fan Hands Free Bladeless Cooling Fan USB Rechargeable","MPL260090-CB_Bl","1","7.99","0","--","--","0%","-0.12","-1.14","-0.04","--","--","--","7.99","GBP","--","--","--"
"27 Jun 2026","Other fee","07-14828-25378","07-14828-25378","husaberg.arcam","Christian Lax","--","--","--","--","-0.61","GBP","--","--","--","--","--","336534558207","--","--","--","--","--","--","--","--","0%","--","--","--","--","--","--","-0.61","GBP","--","FEE-7637857540614_11","Promoted Listings - General fee "
"27 Jun 2026","Order","07-14828-25378","07-14828-25378","husaberg.arcam","Christian Lax","Grimsby","Lincolnshire","DN33 2HB","GB","4.56","GBP","--","--","--","--","Funds on hold. ","336534558207","10087026768007","Replacement Filter For Karcher Wet  Dry WD1/WD2/WD3, Vacuum Cleaner Wet Dry UK","MPL260032-CB","1","5.12","0","--","--","0%","-0.12","-0.42","-0.02","--","--","--","5.12","GBP","--","--","--"
"26 Jun 2026","Other fee","23-14799-87237","23-14799-87237","lolaal_6","lisa hagger","--","--","--","--","-0.94","GBP","--","--","--","--","--","336499504593","--","--","--","--","--","--","--","--","0%","--","--","--","--","--","--","-0.94","GBP","--","FEE-7636903124614_11","Promoted Listings - General fee "
"26 Jun 2026","Order","23-14799-87237","23-14799-87237","lolaal_6","lisa hagger","Essex","--","CM13 2ER","GB","4.13","GBP","--","--","--","--","Funds on hold. ","336499504593","10082092311923","UV LED Nail Lamp Mini Gel Nail Dryer Portable Nails USB Flash Cure Light UK","MPL260055-CB_Pi","1","5.19","0","--","--","0%","-0.36","-0.68","-0.02","--","--","--","5.19","GBP","--","--","--"
"26 Jun 2026","Other fee","17-14808-67155","17-14808-67155","clwills2007","Claire Wills","--","--","--","--","-1.31","GBP","--","--","--","--","--","336542415062","--","--","--","--","--","--","--","--","0%","--","--","--","--","--","--","-1.31","GBP","--","FEE-7636424503914_11","Promoted Listings - General fee "
"26 Jun 2026","Order","17-14808-67155","17-14808-67155","clwills2007","Claire Wills","Slapton, Kingsbridge","Devon","TQ7 2QN","GB","6.6","GBP","--","--","--","--","Funds on hold. ","336542415062","10082899426617","Portable Hanging Neck Fan Hands Free Bladeless Cooling Fan USB Rechargeable","MPL260090-CB_Bl","1","7.89","0","--","--","0%","-0.12","-1.13","-0.04","--","--","--","7.89","GBP","--","--","--"
"26 Jun 2026","Order","05-14829-39216","05-14829-39216","boblenejen","robert drummond","hornchurch","Essex","rm125dr","GB","3","GBP","--","--","--","--","Funds on hold. ","336547384398","10082135834605","Aquarium Thermometer Fish Tank Temperature Gauge Easy Read Tropical Water","AsCaB0166","1","3.98","0","--","--","7%","-0.36","-0.61","-0.01","--","--","--","3.98","GBP","--","--","--"
"26 Jun 2026","Other fee","17-14807-69415","17-14807-69415","tommy39dog","Thomas Coombes","--","--","--","--","-0.94","GBP","--","--","--","--","--","336487562614","--","--","--","--","--","--","--","--","0%","--","--","--","--","--","--","-0.94","GBP","--","FEE-7635768806314_11","Promoted Listings - General fee "
"26 Jun 2026","Order","17-14807-69415","17-14807-69415","tommy39dog","Thomas Coombes","Amlwch","Isle of Anglesey","Ll68 0tf","GB","4.31","GBP","--","--","--","--","Funds on hold. ","336487562614","10082893945217","Over Neck Book Reading Lamp Light Handsfree LED Flexible USB Rechargeable Light","MPL260085-CB","1","5.19","0","--","--","0%","-0.12","-0.74","-0.02","--","--","--","5.19","GBP","--","--","--"
"25 Jun 2026","Other fee","24-14809-04221","24-14809-04221","diabeticlennydog","Elizabeth Edwards","--","--","--","--","-0.5","GBP","--","--","--","--","--","336334564373","--","--","--","--","--","--","--","--","0%","--","--","--","--","--","--","-0.5","GBP","--","FEE-7634585267414_11","Promoted Listings - General fee "
"25 Jun 2026","Order","24-14809-04221","24-14809-04221","diabeticlennydog","Elizabeth Edwards","Llanon","Ceredigion","SY235JG","GB","5","GBP","--","--","--","--","Funds on hold. ","336334564373","10081862259824","2pcs Oven Mitts Kitchen Gloves Microwave Insulated Heat Resistant Baking Cooking","ZOSh0200_2p-c","1","5.99","0","--","--","0%","-0.12","-0.85","-0.02","--","--","--","5.99","GBP","--","--","--"
"25 Jun 2026","Other fee","22-14797-14535","22-14797-14535","emmaharkess","Emma Harkess","--","--","--","--","-1.31","GBP","--","--","--","--","--","336542415062","--","--","--","--","--","--","--","--","0%","--","--","--","--","--","--","-1.31","GBP","--","FEE-7634393224514_11","Promoted Listings - General fee "
"25 Jun 2026","Order","22-14797-14535","22-14797-14535","emmaharkess","Emma Harkess","Bristol","Bristol","BS14 9QZ","GB","6.6","GBP","--","--","--","--","Funds on hold. ","336542415062","10082113940522","Portable Hanging Neck Fan Hands Free Bladeless Cooling Fan USB Rechargeable","MPL260090-CB_Gr","1","7.89","0","--","--","0%","-0.12","-1.13","-0.04","--","--","--","7.89","GBP","--","--","--"
"25 Jun 2026","Other fee","13-14808-04450","13-14808-04450","jacquelinpop-51","jacqueline pope","--","--","--","--","-0.54","GBP","--","--","--","--","--","336621884706","--","--","--","--","--","--","--","--","0%","--","--","--","--","--","--","-0.54","GBP","--","FEE-7633733640514_11","Promoted Listings - General fee "
"24 Jun 2026","Order","13-14808-04450","13-14808-04450","jacquelinpop-51","jacqueline pope","PETWORTH","West Sussex","gu289db","GB","7.24","GBP","--","--","--","--","Funds on hold. ","336621884706","10084171542013","Desktop fan electric fan Stepless Speed portable USB Super Quiet Adjustable Fan","ASWD001_Pi","1","8.98","0","--","--","0%","-0.36","-1.34","-0.04","--","--","--","8.98","GBP","--","--","--"
"24 Jun 2026","Other fee","27-14784-26162","27-14784-26162","kangaroo-engine","Matt Holman","--","--","--","--","-0.43","GBP","--","--","--","--","--","336334564434","--","--","--","--","--","--","--","--","0%","--","--","--","--","--","--","-0.43","GBP","--","FEE-7631766150714_11","Promoted Listings - General fee "
"24 Jun 2026","Order","27-14784-26162","27-14784-26162","kangaroo-engine","Matt Holman","south ascot","Berkshire","sl5 9ed","GB","2.67","GBP","--","--","--","--","Funds on hold. ","336334564434","10086010012227","10pcs Mini  Funnels Funnel Set Plastic Kitchen Pouring Funnels Small for Lab bot","MPL260094-CB","1","3.27","0","--","--","0%","-0.12","-0.47","-0.01","--","--","--","3.27","GBP","--","--","--"
"24 Jun 2026","Other fee","19-14796-58933","19-14796-58933","liviu-sa0","Liviu Gabriel Sauan","--","--","--","--","-0.5","GBP","--","--","--","--","--","336334564373","--","--","--","--","--","--","--","--","0%","--","--","--","--","--","--","-0.5","GBP","--","FEE-7631384717814_11","Promoted Listings - General fee "
"24 Jun 2026","Order","19-14796-58933","19-14796-58933","liviu-sa0","Liviu Gabriel Sauan","Watford","Hertfordshire","WD25 0AB","GB","5","GBP","--","--","--","--","Funds on hold. ","336334564373","10082805189919","2pcs Oven Mitts Kitchen Gloves Microwave Insulated Heat Resistant Baking Cooking","ZOSh0200_2p-d","1","5.99","0","--","--","0%","-0.12","-0.85","-0.02","--","--","--","5.99","GBP","--","--","--"
"23 Jun 2026","Other fee","21-14790-66703","21-14790-66703","coascor-uzxpji","Ashleigh Corbett ","--","--","--","--","-0.64","GBP","--","--","--","--","--","336334564530","--","--","--","--","--","--","--","--","0%","--","--","--","--","--","--","-0.64","GBP","--","FEE-7629841061614_11","Promoted Listings - General fee "
"23 Jun 2026","Order","21-14790-66703","21-14790-66703","coascor-uzxpji","Ashleigh Corbett ","Motherwell ","North Lanarkshire ","ml14zl","GB","3.49","GBP","--","--","--","--","--","336334564530","10086988003921","50 Pack of Heavy Duty Cup Hooks Screw in 21MM Coffee Hook Kitchen Mug Wall Hang","MPL260062-CB_Bl","1","4.22","0","--","--","0%","-0.12","-0.6","-0.01","--","--","--","4.22","GBP","--","--","--"
"23 Jun 2026","Postage label","24-14741-71630","24-14741-71630","portmanly89","alan hillier","--","--","--","--","-3.06","GBP","--","--","--","--","--","--","--","--","--","--","--","--","--","--","0%","--","--","--","--","--","--","-3.06","GBP","--","Return ID 5322241203","Return postage label"
"23 Jun 2026","Hold","05-14709-49223","05-14709-49223","dianewheeler1957","Diane Wheeler","Redditch","Worcestershire","B98 0PJ","GB","9.2","GBP","--","--","--","--","--","336334564516","10081448312905","1/5 PCS Cable Ties Silicone Fabric Clips Set  Sewing Magnetic Binding Huggers UK","--","2","9.2","--","--","--","0%","--","--","--","--","--","--","9.2","GBP","--","Request ID 5381689447","Hold released"
"23 Jun 2026","Other fee","05-14709-49223","05-14709-49223","dianewheeler1957","Diane Wheeler","--","--","--","--","0.94","GBP","--","--","--","--","--","336334564516","--","--","--","--","--","--","--","--","0%","--","--","--","--","--","--","0.94","GBP","--","FEE-5381689447-5826247828976932346_42","Promoted Listings - General fee "
"23 Jun 2026","Claim","05-14709-49223","05-14709-49223","dianewheeler1957","Diane Wheeler","Redditch","Worcestershire","B98 0PJ","GB","-7.73","GBP","--","--","--","--","--","--","--","1/5 PCS Cable Ties Silicone Fabric Clips Set  Sewing Magnetic Binding Huggers UK","--","--","--","--","--","--","0%","--","1.43","0.04","--","--","--","-9.2","GBP","--","Request ID 5381689447","--"
"23 Jun 2026","Other fee","15-14799-34475","15-14799-34475","tepilch2012","terry pilcher","--","--","--","--","-0.61","GBP","--","--","--","--","--","336497543305","--","--","--","--","--","--","--","--","0%","--","--","--","--","--","--","-0.61","GBP","--","FEE-7629117356514_11","Promoted Listings - General fee "
"23 Jun 2026","Order","15-14799-34475","15-14799-34475","tepilch2012","terry pilcher","Tamworth","Staffordshire","B77 4RA","GB","2.94","GBP","--","--","--","--","Estimated release on 2 Jul. ","336497543305","10082834561515","Shoe Glue 401  Super Strong Fast Dry Adhesive Multi Purpose Repair Glue Multi","ZOSh0463","1","3.9","0","--","--","0%","-0.36","-0.59","-0.01","--","--","--","3.9","GBP","--","--","--"
"23 Jun 2026","Other fee","19-14792-27666","19-14792-27666","popegregorytheseventh","Jason Syers","--","--","--","--","-0.24","GBP","--","--","--","--","--","336334564345","--","--","--","--","--","--","--","--","0%","--","--","--","--","--","--","-0.24","GBP","--","FEE-7628766236914_11","Promoted Listings - General fee "
"23 Jun 2026","Order","19-14792-27666","19-14792-27666","popegregorytheseventh","Jason Syers","Manchester","Lancashire","M27 5ES","GB","3.05","GBP","--","--","--","--","Estimated release on 3 Jul. ","336334564345","10082780767419","3x Mini Plastic Spray Bottles Perfume Bottle Travel  Makeup Water Refillable","MPL260061-CB_La","1","3.94","0","--","--","0%","-0.36","-0.52","-0.01","--","--","--","3.94","GBP","--","--","--"
"22 Jun 2026","Other fee","01-14820-14857","01-14820-14857","melprett","Mel Prett","--","--","--","--","-1.78","GBP","--","--","--","--","--","336487562614","--","--","--","--","--","--","--","--","0%","--","--","--","--","--","--","-1.78","GBP","--","FEE-7626987802014_11","Promoted Listings - General fee "
"22 Jun 2026","Order","01-14820-14857","01-14820-14857","melprett","Mel Prett","Truro","Cornwall","TR4 8UH","GB","8.3","GBP","--","--","--","--","Estimated release on 2 Jul. ","336487562614","10081901059301","Over Neck Book Reading Lamp Light Handsfree LED Flexible USB Rechargeable Light","MPL260085-CB","2","9.86","0","--","--","0%","-0.12","-1.4","-0.04","--","--","--","9.86","GBP","--","--","--"
"22 Jun 2026","Order","15-14795-44160","15-14795-44160","is5576","Daniela Ispas","Maidatone","Kent","Me156eg","GB","5.07","GBP","--","--","--","--","Estimated release on 2 Jul. ","336626198905","10082812299815","Non-Slip Bathroom Bath Mat Massage Suction Mat Bathtub Safety Rug Shower Carpet","ASWD009_Bl","1","5.99","0","--","--","0%","-0.12","-0.78","-0.02","--","--","--","5.99","GBP","--","--","--"
"22 Jun 2026","Order","12-14798-67075","12-14798-67075","dylan2404natalie","Natalie Jackson","Consett","Durham","DH8 5NY","GB","2.22","GBP","--","--","--","--","Funds available within 2 days of order delivery. ","336643293854","10082854120112","Eyeliner Lasting Gel Liquid Liner Colorful Eye Pencil Waterpoof","AsCaB0284_Br","1","2.99","0","--","--","0%","-0.36","-0.4","-0.01","--","--","--","2.99","GBP","--","--","--"
"22 Jun 2026","Payout","--","--","--","--","--","--","--","--","-260","GBP","--","7574705482","WISE PAYMENTS LIMITED *8378","Funds sent","--","--","--","--","--","--","--","--","--","--","0%","--","--","--","--","--","--","-260","GBP","--","Bank reference ID IHKDJQZQNQ5YE6E","Seller-initiated payout. Usually arrive in 0-2 working days."
"21 Jun 2026","Other fee","04-14810-29600","04-14810-29600","mack-mandy","Mandy Mackintosh","--","--","--","--","-0.9","GBP","--","--","--","--","--","336487562614","--","--","--","--","--","--","--","--","0%","--","--","--","--","--","--","-0.9","GBP","--","FEE-7624856962714_11","Promoted Listings - General fee "
"21 Jun 2026","Order","04-14810-29600","04-14810-29600","mack-mandy","Mandy Mackintosh","Lochgelly","Fife","KY5 0XS","GB","4.14","GBP","--","--","--","--","--","336487562614","10082373660904","Over Neck Book Reading Lamp Light Handsfree LED Flexible USB Rechargeable Light","MPL260085-CB","1","4.99","0","--","--","0%","-0.12","-0.71","-0.02","--","--","--","4.99","GBP","--","--","--"
"21 Jun 2026","Other fee","19-14785-34934","19-14785-34934","hathanhrossi","Ha Pham","--","--","--","--","-0.61","GBP","--","--","--","--","--","336519888576","--","--","--","--","--","--","--","--","0%","--","--","--","--","--","--","-0.61","GBP","--","FEE-7624829516814_11","Promoted Listings - General fee "
"21 Jun 2026","Order","19-14785-34934","19-14785-34934","hathanhrossi","Ha Pham","Great Yarmouth","Norfolk","NR31 0HD","GB","2.9","GBP","--","--","--","--","Funds available within 2 days of order delivery. ","336519888576","10082740761519","White Pearl Chrome Nail Powder Glitter Art Powder 0.5g Glimmer Hot Nails Premium","ZOSh0488","1","3.76","0","--","--","0%","-0.36","-0.49","-0.01","--","--","--","3.76","GBP","--","--","--"
"21 Jun 2026","Other fee","25-14775-42349","25-14775-42349","isohall-65","Isobel Halliday","--","--","--","--","-0.9","GBP","--","--","--","--","--","336487562614","--","--","--","--","--","--","--","--","0%","--","--","--","--","--","--","-0.9","GBP","--","FEE-7624809271714_11","Promoted Listings - General fee "
"21 Jun 2026","Order","25-14775-42349","25-14775-42349","isohall-65","Isobel Halliday","King's Lynn, Tilney All Saints","Norfolk","PE34 4SJ","GB","4.14","GBP","--","--","--","--","Funds on hold: open request. ","336487562614","10081592928625","Over Neck Book Reading Lamp Light Handsfree LED Flexible USB Rechargeable Light","MPL260085-CB","1","4.99","0","--","--","0%","-0.12","-0.71","-0.02","--","--","--","4.99","GBP","--","--","--"
"21 Jun 2026","Other fee","23-14777-43973","23-14777-43973","thetradingpost5","Michelle Harrington","--","--","--","--","-0.67","GBP","--","--","--","--","--","336339161386","--","--","--","--","--","--","--","--","0%","--","--","--","--","--","--","-0.67","GBP","--","FEE-7624223658814_11","Promoted Listings - General fee "
"21 Jun 2026","Other fee","23-14777-43973","23-14777-43973","thetradingpost5","Michelle Harrington","--","--","--","--","-0.67","GBP","--","--","--","--","--","336339161386","--","--","--","--","--","--","--","--","0%","--","--","--","--","--","--","-0.67","GBP","--","FEE-7624223595414_11","Promoted Listings - General fee "
"21 Jun 2026","Other fee","23-14777-43973","23-14777-43973","thetradingpost5","Michelle Harrington","--","--","--","--","-1.34","GBP","--","--","--","--","--","336339161386","--","--","--","--","--","--","--","--","0%","--","--","--","--","--","--","-1.34","GBP","--","FEE-7624223637314_11","Promoted Listings - General fee "
"21 Jun 2026","Other fee","23-14777-43973","23-14777-43973","thetradingpost5","Michelle Harrington","--","--","--","--","-0.67","GBP","--","--","--","--","--","336339161386","--","--","--","--","--","--","--","--","0%","--","--","--","--","--","--","-0.67","GBP","--","FEE-7624223612314_11","Promoted Listings - General fee "
"21 Jun 2026","Order","23-14777-43973","23-14777-43973","thetradingpost5","Michelle Harrington","Chesterfield","Derbyshire","S44 5XB","GB","15.72","GBP","--","--","--","--","Funds available within 2 days of order delivery. ","--","--","--","--","--","--","--","--","--","0%","--","--","--","--","--","--","18.57","GBP","--","--","--"
"21 Jun 2026","Order","23-14777-43973","23-14777-43973","thetradingpost5","Michelle Harrington","Chesterfield","Derbyshire","S44 5XB","GB","--","--","--","--","--","--","Funds available within 2 days of order delivery. ","336339161386","10081964336123","10pcs Artificial Pampas Grass Fake Reed Flower Bunch Wedding Home Decor Bunch","ZOSh0399_Gr2","1","3.71","0","--","--","0%","--","-0.53","-0.01","--","--","--","--","--","--","--","--"
"21 Jun 2026","Order","23-14777-43973","23-14777-43973","thetradingpost5","Michelle Harrington","Chesterfield","Derbyshire","S44 5XB","GB","--","--","--","--","--","--","Funds available within 2 days of order delivery. ","336339161386","10081964336223","10pcs Artificial Pampas Grass Fake Reed Flower Bunch Wedding Home Decor Bunch","ZOSh0399_Da","1","3.71","0","--","--","0%","--","-0.53","-0.01","--","--","--","--","--","--","--","--"
"21 Jun 2026","Order","23-14777-43973","23-14777-43973","thetradingpost5","Michelle Harrington","Chesterfield","Derbyshire","S44 5XB","GB","--","--","--","--","--","--","Funds available within 2 days of order delivery. ","336339161386","10081964336323","10pcs Artificial Pampas Grass Fake Reed Flower Bunch Wedding Home Decor Bunch","ZOSh0399_Ho","2","7.44","0","--","--","0%","-0.12","-1.07","-0.04","--","--","--","--","--","--","--","--"
"21 Jun 2026","Order","23-14777-43973","23-14777-43973","thetradingpost5","Michelle Harrington","Chesterfield","Derbyshire","S44 5XB","GB","--","--","--","--","--","--","Funds available within 2 days of order delivery. ","336339161386","10081964336423","10pcs Artificial Pampas Grass Fake Reed Flower Bunch Wedding Home Decor Bunch","ZOSh0399_Mi","1","3.71","0","--","--","0%","--","-0.53","-0.01","--","--","--","--","--","--","--","--"
"21 Jun 2026","Other fee","12-14794-85102","12-14794-85102","otchamb13","Otto Chamberlain","--","--","--","--","-0.74","GBP","--","--","--","--","--","336490648747","--","--","--","--","--","--","--","--","0%","--","--","--","--","--","--","-0.74","GBP","--","FEE-7623719892314_11","Promoted Listings - General fee "
"21 Jun 2026","Order","12-14794-85102","12-14794-85102","otchamb13","Otto Chamberlain","Eye","Suffolk","IP23 7PF","GB","3.96","GBP","--","--","--","--","--","336490648747","10082831135912","5x Disposable Emergency Raincoat Adult Waterproof PONCHO Rain Festivals Hiking","MPL260104-CB","1","4.99","0","--","--","0%","-0.36","-0.65","-0.02","--","--","--","4.99","GBP","--","--","--"
"21 Jun 2026","Other fee","07-14803-15087","07-14803-15087","wj18-966","William Jones","--","--","--","--","-2.15","GBP","--","--","--","--","--","336596193449","--","--","--","--","--","--","--","--","0%","--","--","--","--","--","--","-2.15","GBP","--","FEE-7623603680114_11","Promoted Listings - General fee "
"21 Jun 2026","Order","07-14803-15087","07-14803-15087","wj18-966","William Jones","DUNFERMLINE","Fife","KY11 4EQ","GB","16.72","GBP","--","--","--","--","--","336596193449","10086882718607","Cat Scat Mat with Spikes Prickle Strip Dig Stopper Repellent Animal Deterre","AsReg18","2","19.88","0","--","--","0%","-0.48","-2.6","-0.08","--","--","--","19.88","GBP","--","--","--"
"21 Jun 2026","Other fee","06-14804-81974","06-14804-81974","nichhe_22","Nicholas Heath","--","--","--","--","-0.89","GBP","--","--","--","--","--","336334564471","--","--","--","--","--","--","--","--","0%","--","--","--","--","--","--","-0.89","GBP","--","FEE-7623521119114_11","Promoted Listings - General fee "
"21 Jun 2026","Order","06-14804-81974","06-14804-81974","nichhe_22","Nicholas Heath","Walsall","West Midlands","WS3 1AU","GB","3.9","GBP","--","--","--","--","--","336334564471","10082683811406","Nail Gel Strips8 Sheets Nail Gel Polish Strips Glitter Wraps Self-Adhesive Gel","MPL260059-CB","1","4.93","0","--","--","0%","-0.36","-0.65","-0.02","--","--","--","4.93","GBP","--","--","--"
"21 Jun 2026","Other fee","19-14782-89976","19-14782-89976","ladytreasure","Katerina Stipkova","--","--","--","--","-0.2","GBP","--","--","--","--","--","336334564345","--","--","--","--","--","--","--","--","0%","--","--","--","--","--","--","-0.2","GBP","--","FEE-7623211647914_11","Promoted Listings - General fee "
"21 Jun 2026","Order","19-14782-89976","19-14782-89976","ladytreasure","Katerina Stipkova","Gipton, Leeds","Leeds","LS8 3TR","GB","2.63","GBP","--","--","--","--","Estimated release on 3 Jul. ","336334564345","10082726222319","3x Mini Plastic Spray Bottles Perfume Bottle Travel  Makeup Water Refillable","MPL260061-CB_Sm","1","3.44","0","--","--","0%","-0.36","-0.44","-0.01","--","--","--","3.44","GBP","--","--","--"
"21 Jun 2026","Other fee","14-14790-44417","14-14790-44417","stormcloud123456","Nicola Malcher","--","--","--","--","-0.22","GBP","--","--","--","--","--","336334564345","--","--","--","--","--","--","--","--","0%","--","--","--","--","--","--","-0.22","GBP","--","FEE-7622791300314_11","Promoted Listings - General fee "
"21 Jun 2026","Order","14-14790-44417","14-14790-44417","stormcloud123456","Nicola Malcher","United Kingdom","--","TW1 4HD","GB","2.79","GBP","--","--","--","--","Estimated release on 2 Jul. ","336334564345","10082768034914","3x Mini Plastic Spray Bottles Perfume Bottle Travel  Makeup Water Refillable","MPL260061-CB_Me","1","3.64","0","--","--","0%","-0.36","-0.48","-0.01","--","--","--","3.64","GBP","--","--","--"
"20 Jun 2026","Other fee","22-14775-77281","22-14775-77281","handyhendy","Jackie Hendy","--","--","--","--","-0.83","GBP","--","--","--","--","--","336523206337","--","--","--","--","--","--","--","--","0%","--","--","--","--","--","--","-0.83","GBP","--","FEE-7622084285514_11","Promoted Listings - General fee "
"20 Jun 2026","Order","22-14775-77281","22-14775-77281","handyhendy","Jackie Hendy","Stourbridge","West Midlands","DY9 0LF","GB","4.21","GBP","--","--","--","--","Funds available within 2 days of order delivery. ","336523206337","10081991559622","30x ANTI WRINKLE ANTI AGING MASK RADIANT COLLAGEN YOUTH PATCHES FACE FOREHEAD UK","ZOSh0494_30","1","5.29","0","--","--","0%","-0.36","-0.7","-0.02","--","--","--","5.29","GBP","--","--","--"
"20 Jun 2026","Other fee","16-14785-44127","16-14785-44127","silversurfer1622","J. E. Thomas","--","--","--","--","-0.67","GBP","--","--","--","--","--","336490648747","--","--","--","--","--","--","--","--","0%","--","--","--","--","--","--","-0.67","GBP","--","FEE-7621966047014_11","Promoted Listings - General fee "
"20 Jun 2026","Order","16-14785-44127","16-14785-44127","silversurfer1622","J. E. Thomas","Camborne","Cornwall","TR14 8BX","GB","3.52","GBP","--","--","--","--","--","336490648747","10082759735616","5x Disposable Emergency Raincoat Adult Waterproof PONCHO Rain Festivals Hiking","MPL260104-CB","1","4.49","0","--","--","0%","-0.36","-0.59","-0.02","--","--","--","4.49","GBP","--","--","--"
"20 Jun 2026","Other fee","21-14776-49959","21-14776-49959","keitspence13","keith spencer","--","--","--","--","-0.74","GBP","--","--","--","--","--","336490633112","--","--","--","--","--","--","--","--","0%","--","--","--","--","--","--","-0.74","GBP","--","FEE-7621727290414_11","Promoted Listings - General fee "
"20 Jun 2026","Order","21-14776-49959","21-14776-49959","keitspence13","keith spencer","belper","Derbyshire","de561qe","GB","3.41","GBP","--","--","--","--","--","336490633112","10086906215921","Stainless Boiled Egg Topper Shell Top Cutter Knocker Opener Kitchen Sliver Tool","MPL260081-CB","1","4.13","0","--","--","0%","-0.12","-0.59","-0.01","--","--","--","4.13","GBP","--","--","--"
"20 Jun 2026","Other fee","26-14768-10955","26-14768-10955","dvb5j","david jordan","--","--","--","--","-0.72","GBP","--","--","--","--","--","336590897581","--","--","--","--","--","--","--","--","0%","--","--","--","--","--","--","-0.72","GBP","--","FEE-7621411168814_11","Promoted Listings - General fee "
"20 Jun 2026","Order","26-14768-10955","26-14768-10955","dvb5j","david jordan","basildon","Essex","ss131jt","GB","9.89","GBP","--","--","--","--","Funds available within 2 days of order delivery. ","336590897581","10081554775326","Ceramic Repair Paste White Porcelain Sink Crack Tile Bathtub Hole Repair Agent","AsReg14","1","11.99","0","--","--","0%","-0.48","-1.57","-0.05","--","--","--","11.99","GBP","--","--","--"
"20 Jun 2026","Order","15-14785-90707","15-14785-90707","marilov_4","marie love","milton keynes","Buckinghamshire","mk6 3ay","GB","4.97","GBP","--","--","--","--","--","336621925411","10082756500715","Electric Toothbrush Holder Bathroom Caddy Storage Caddy Multifunction Stand","ASWD005","1","5.88","0","--","--","0%","-0.12","-0.77","-0.02","--","--","--","5.88","GBP","--","--","--"
"19 Jun 2026","Other fee","02-14805-53101","02-14805-53101","limo09","Elaine Preston","--","--","--","--","-1.04","GBP","--","--","--","--","--","336334564403","--","--","--","--","--","--","--","--","0%","--","--","--","--","--","--","-1.04","GBP","--","FEE-7619441195914_11","Promoted Listings - General fee "
"19 Jun 2026","Order","02-14805-53101","02-14805-53101","limo09","Elaine Preston","Birmingham","West Midlands","B26 2TS","GB","5.8","GBP","--","--","--","--","--","336334564403","10082040543802","Sliding Barn Door Lock Stainless Steel Bolt Anti Theft Latch with Shed Pet Cage","MPL260071-CB","2","6.92","0","--","--","0%","-0.12","-0.98","-0.02","--","--","--","6.92","GBP","--","--","--"
"19 Jun 2026","Other fee","21-14773-11165","21-14773-11165","staples8189","Mrs S Staples","--","--","--","--","-0.67","GBP","--","--","--","--","--","336490648747","--","--","--","--","--","--","--","--","0%","--","--","--","--","--","--","-0.67","GBP","--","FEE-7619307651214_11","Promoted Listings - General fee "
"19 Jun 2026","Order","21-14773-11165","21-14773-11165","staples8189","Mrs S Staples","York","North Yorkshire","Yo268ar","GB","3.52","GBP","--","--","--","--","--","336490648747","10086886710621","5x Disposable Emergency Raincoat Adult Waterproof PONCHO Rain Festivals Hiking","MPL260104-CB","1","4.49","0","--","--","0%","-0.36","-0.59","-0.02","--","--","--","4.49","GBP","--","--","--"
"19 Jun 2026","Refund","06-14762-95194","06-14762-95194","lina5660","LINA SIMEONE","HITCHIN","Hertfordshire","SG5 4JX","GB","-4.74","GBP","--","--","--","--","--","--","--","360° Car Phone Holder Universal Mount Dashboard Windshield Air Vent Mobile","MPL260106-CB","--","--","--","--","--","0%","0.36","0.68","0.02","--","--","--","-5.8","GBP","--","Refund ID 5195237700","--"
"19 Jun 2026","Hold","05-14709-49223","05-14709-49223","dianewheeler1957","Diane Wheeler","Redditch","Worcestershire","B98 0PJ","GB","-9.2","GBP","--","--","--","--","--","336334564516","10081448312905","1/5 PCS Cable Ties Silicone Fabric Clips Set  Sewing Magnetic Binding Huggers UK","--","2","9.2","--","--","--","0%","--","--","--","--","--","--","-9.2","GBP","--","Request ID 5381689447","Hold placed"
"19 Jun 2026","Other fee","21-14772-18414","21-14772-18414","samanththomso_98","samantha thomson","--","--","--","--","-0.89","GBP","--","--","--","--","--","336334564471","--","--","--","--","--","--","--","--","0%","--","--","--","--","--","--","-0.89","GBP","--","FEE-7618609212914_11","Promoted Listings - General fee "
"19 Jun 2026","Order","21-14772-18414","21-14772-18414","samanththomso_98","samantha thomson","Gloucester","Gloucestershire","GL3 4NH","GB","3.9","GBP","--","--","--","--","--","336334564471","10086881506721","Nail Gel Strips8 Sheets Nail Gel Polish Strips Glitter Wraps Self-Adhesive Gel","MPL260059-CB","1","4.93","0","--","--","0%","-0.36","-0.65","-0.02","--","--","--","4.93","GBP","--","--","--"
"19 Jun 2026","Other fee","10-14789-32872","10-14789-32872","jibby89","Mohammed Jibran Iqbal","--","--","--","--","-0.7","GBP","--","--","--","--","--","336590897581","--","--","--","--","--","--","--","--","0%","--","--","--","--","--","--","-0.7","GBP","--","FEE-7617762382214_11","Promoted Listings - General fee "
"19 Jun 2026","Order","10-14789-32872","10-14789-32872","jibby89","Mohammed Jibran Iqbal","Oldham","Greater Manchester","OL9 6LQ","GB","5.41","GBP","--","--","--","--","Funds available within 2 days of order delivery. ","336590897581","10082766442010","Ceramic Repair Paste White Porcelain Sink Crack Tile Bathtub Hole Repair Agent","AsReg14","1","6.39","0","--","--","0%","-0.12","-0.84","-0.02","--","--","--","6.39","GBP","--","--","--"
"18 Jun 2026","Order","09-14790-08176","09-14790-08176","supersexysalmon","james walden","Ashford","Middlesex","TW151LH","GB","4.68","GBP","--","--","--","--","--","336607223837","10081708651109","Food-Grade Silicone Dog Licking Bowl Rolling Ball Pet Slow Feeder Liquid Snack","AsReg29","1","5.98","0","--","--","0%","-0.36","-0.92","-0.02","--","--","--","5.98","GBP","--","--","--"
"18 Jun 2026","Other fee","15-14780-02138","15-14780-02138","dan267958","Ama Dankyi","--","--","--","--","-0.83","GBP","--","--","--","--","--","336523206337","--","--","--","--","--","--","--","--","0%","--","--","--","--","--","--","-0.83","GBP","--","FEE-7617274753214_11","Promoted Listings - General fee "
"18 Jun 2026","Other fee","25-14763-76096","25-14763-76096","paiglewi_15","Paige Lewis","--","--","--","--","-0.58","GBP","--","--","--","--","--","336334564389","--","--","--","--","--","--","--","--","0%","--","--","--","--","--","--","-0.58","GBP","--","FEE-7617273192114_11","Promoted Listings - General fee "
"18 Jun 2026","Order","15-14780-02138","15-14780-02138","dan267958","Ama Dankyi","Basingstoke","Hampshire","RG22 6HJ","GB","4.21","GBP","--","--","--","--","Funds available within 2 days of order delivery. ","336523206337","10082722842515","30x ANTI WRINKLE ANTI AGING MASK RADIANT COLLAGEN YOUTH PATCHES FACE FOREHEAD UK","ZOSh0494_30","1","5.29","0","--","--","0%","-0.36","-0.7","-0.02","--","--","--","5.29","GBP","--","--","--"
"18 Jun 2026","Order","25-14763-76096","25-14763-76096","paiglewi_15","Paige Lewis","Cardiff","Cardiff","Cf54dg","GB","3.37","GBP","--","--","--","--","Estimated release on 3 Jul. ","336334564389","10081525405425","1pc Soap Dish Wall Mounted Holder Stainless Steel No Drill Bathroom with Drain","ZOSh0212_Bl","1","4.03","0","--","--","0%","-0.12","-0.53","-0.01","--","--","--","4.03","GBP","--","--","--"
"18 Jun 2026","Other fee","03-14799-79908","03-14799-79908","littleangel2oo6","Linzi Stanley","--","--","--","--","-0.68","GBP","--","--","--","--","--","336334564404","--","--","--","--","--","--","--","--","0%","--","--","--","--","--","--","-0.68","GBP","--","FEE-7617169310514_11","Promoted Listings - General fee "
"18 Jun 2026","Order","03-14799-79908","03-14799-79908","littleangel2oo6","Linzi Stanley","Prenton","Merseyside","CH43 9SU","GB","3.27","GBP","--","--","--","--","--","336334564404","10082615472703","Wrist Wallet Pouch Band Zipper Running Jym Lightweight Sports Phone Bag Pouch","MPL260060-CB_Bl","1","4.24","0","--","--","0%","-0.36","-0.6","-0.01","--","--","--","4.24","GBP","--","--","--"
"18 Jun 2026","Other fee","27-14760-26999","27-14760-26999","breper8","Brett Perry","--","--","--","--","-0.64","GBP","--","--","--","--","--","336490648747","--","--","--","--","--","--","--","--","0%","--","--","--","--","--","--","-0.64","GBP","--","FEE-7617106674914_11","Promoted Listings - General fee "
"18 Jun 2026","Order","27-14760-26999","27-14760-26999","breper8","Brett Perry","Bilston","--","WV14 8RB","GB","3.3","GBP","--","--","--","--","--","336490648747","10085872148427","5x Disposable Emergency Raincoat Adult Waterproof PONCHO Rain Festivals Hiking","MPL260104-CB","1","4.22","0","--","--","0%","-0.36","-0.55","-0.01","--","--","--","4.22","GBP","--","--","--"
"18 Jun 2026","Hold","15-14614-11627","15-14614-11627","diesellad","Andrew Roche","London","--","N20ny","GB","18.67","GBP","--","--","--","--","--","336392565269","10081773343615","Dental Bond Primer Light Cure Resin Orthodontic Brackets Adhesive Agent 8ML UK","--","1","18.67","--","--","--","0%","--","--","--","--","--","--","18.67","GBP","--","Request ID 5381617818","Hold released"
"18 Jun 2026","Other fee","15-14614-11627","15-14614-11627","diesellad","Andrew Roche","--","--","--","--","3.36","GBP","--","--","--","--","--","336392565269","--","--","--","--","--","--","--","--","0%","--","--","--","--","--","--","3.36","GBP","--","FEE-5381617818-7414381967457208374_42","Promoted Listings - General fee "
"18 Jun 2026","Claim","15-14614-11627","15-14614-11627","diesellad","Andrew Roche","London","--","N20ny","GB","-15.79","GBP","--","--","--","--","--","--","--","Dental Bond Primer Light Cure Resin Orthodontic Brackets Adhesive Agent 8ML UK","--","--","--","--","--","--","0%","--","2.8","0.08","--","--","--","-18.67","GBP","--","Request ID 5381617818","--"
"18 Jun 2026","Other fee","16-14777-67935","16-14777-67935","jhbeb24","JH Burland","--","--","--","--","-0.42","GBP","--","--","--","--","--","336334564345","--","--","--","--","--","--","--","--","0%","--","--","--","--","--","--","-0.42","GBP","--","FEE-7616855335014_11","Promoted Listings - General fee "
"18 Jun 2026","Other fee","21-14769-09206","21-14769-09206","2207turkt","Toby Thornton","--","--","--","--","-0.82","GBP","--","--","--","--","--","336487562614","--","--","--","--","--","--","--","--","0%","--","--","--","--","--","--","-0.82","GBP","--","FEE-7616853315314_11","Promoted Listings - General fee "
"18 Jun 2026","Order","16-14777-67935","16-14777-67935","jhbeb24","JH Burland","Camborne","Cornwall","TR14 8LY","GB","3.05","GBP","--","--","--","--","--","336334564345","10082715327516","3x Mini Plastic Spray Bottles Perfume Bottle Travel  Makeup Water Refillable","MPL260061-CB_La","1","3.94","0","--","--","0%","-0.36","-0.52","-0.01","--","--","--","3.94","GBP","--","--","--"
"18 Jun 2026","Order","21-14769-09206","21-14769-09206","2207turkt","Toby Thornton","Beverley","Humberside","HU17 9GE","GB","3.77","GBP","--","--","--","--","--","336487562614","10086863886021","Over Neck Book Reading Lamp Light Handsfree LED Flexible USB Rechargeable Light","MPL260085-CB","1","4.56","0","--","--","0%","-0.12","-0.65","-0.02","--","--","--","4.56","GBP","--","--","--"
"18 Jun 2026","Hold","15-14614-11627","15-14614-11627","diesellad","Andrew Roche","London","--","N20ny","GB","-18.67","GBP","--","--","--","--","--","336392565269","10081773343615","Dental Bond Primer Light Cure Resin Orthodontic Brackets Adhesive Agent 8ML UK","--","1","18.67","--","--","--","0%","--","--","--","--","--","--","-18.67","GBP","--","Request ID 5381617818","Hold placed"
"18 Jun 2026","Other fee","20-14767-37052","20-14767-37052","hi_3246087","Hibba Hayee","--","--","--","--","-0.47","GBP","--","--","--","--","--","336442265502","--","--","--","--","--","--","--","--","0%","--","--","--","--","--","--","-0.47","GBP","--","FEE-7616551110114_11","Promoted Listings - General fee "
"18 Jun 2026","Other fee","12-14783-05634","12-14783-05634","claremariex","Clare Hodge","--","--","--","--","-0.67","GBP","--","--","--","--","--","336490648747","--","--","--","--","--","--","--","--","0%","--","--","--","--","--","--","-0.67","GBP","--","FEE-7615916187114_11","Promoted Listings - General fee "
"18 Jun 2026","Order","12-14783-05634","12-14783-05634","claremariex","Clare Hodge","Swansea","--","SA35LW","GB","3.52","GBP","--","--","--","--","--","336490648747","10082763428912","5x Disposable Emergency Raincoat Adult Waterproof PONCHO Rain Festivals Hiking","MPL260104-CB","1","4.49","0","--","--","0%","-0.36","-0.59","-0.02","--","--","--","4.49","GBP","--","--","--"
"18 Jun 2026","Other fee","20-14769-61694","20-14769-61694","codreanucristina1971","MISS C CODREANU","--","--","--","--","-0.74","GBP","--","--","--","--","--","336490633112","--","--","--","--","--","--","--","--","0%","--","--","--","--","--","--","-0.74","GBP","--","FEE-7615631839414_11","Promoted Listings - General fee "
"18 Jun 2026","Order","20-14769-61694","20-14769-61694","codreanucristina1971","MISS C CODREANU","Aberdeen","--","AB11 8EQ","GB","3.41","GBP","--","--","--","--","--","336490633112","10081680696520","Stainless Boiled Egg Topper Shell Top Cutter Knocker Opener Kitchen Sliver Tool","MPL260081-CB","1","4.13","0","--","--","0%","-0.12","-0.59","-0.01","--","--","--","4.13","GBP","--","--","--"
"17 Jun 2026","Other fee","19-14770-10260","19-14770-10260","beu1310","Beulah Morley","--","--","--","--","-0.67","GBP","--","--","--","--","--","336590897581","--","--","--","--","--","--","--","--","0%","--","--","--","--","--","--","-0.67","GBP","--","FEE-7614866620414_11","Promoted Listings - General fee "
"17 Jun 2026","Order","19-14770-10260","19-14770-10260","beu1310","Beulah Morley","Portland","Dorset","DT5 2LG","GB","5.25","GBP","--","--","--","--","Funds available within 2 days of order delivery. ","336590897581","10082652906019","Ceramic Repair Paste White Porcelain Sink Crack Tile Bathtub Hole Repair Agent","AsReg14","1","6.19","0","--","--","0%","-0.12","-0.8","-0.02","--","--","--","6.19","GBP","--","--","--"
"17 Jun 2026","Order","20-14767-37052","20-14767-37052","hi_3246087","Hibba Hayee","Sutton","Surrey","SM1 3TX","GB","2.22","GBP","--","--","--","--","--","336442265502","10081667869120","100/200x  Kitchen BBQ Disposable Gloves Transparent Food Grade Plastic Gloves UK","AsCaB019-100PCS","1","2.99","0","--","--","0%","-0.36","-0.4","-0.01","--","--","--","2.99","GBP","--","--","--"
"17 Jun 2026","Other fee","14-14757-83195","14-14757-83195","pamautocar","Pierre Youssef","--","--","--","--","1.98","GBP","--","--","--","--","--","336590894250","--","--","--","--","--","--","--","--","0%","--","--","--","--","--","--","2.59","USD","1.30736","FEE-10430342465_42","Promoted Listings - General fee "
"17 Jun 2026","Other fee","06-14709-42243","06-14709-42243","gcolclough2","Glenda Colclough-Fulwood","--","--","--","--","3.96","GBP","--","--","--","--","--","336590894250","--","--","--","--","--","--","--","--","0%","--","--","--","--","--","--","5.18","USD","1.31041","FEE-10430344039_42","Promoted Listings - General fee "
"17 Jun 2026","Refund","09-14710-30250","09-14710-30250","steveramage","Steve Ramage","Nashville","TN","37216-2402","US","-46.54","GBP","--","--","--","--","--","--","--","2Pack W10295²370A EDR1²RXD1 Filter²1 9081 Refrigerator Ice Replacement US NEW","FILTER 1_PA5","--","--","--","--","-7.8","0%","0.48","13.38","--","--","--","1.9","-79.99","USD","0.72462","Cancellation ID 5443634188","--"
"17 Jun 2026","Refund","06-14709-42243","06-14709-42243","gcolclough2","Glenda Colclough-Fulwood","sumter","SC","29150-3311","US","-23.2","GBP","--","--","--","--","--","--","--","US STOCK ✅ 4PK Frigidaire FPPWFU01 PWF-1 Refrige PurePour Water & Ice Filter New","PurePour Filter_PA3","--","--","--","--","-3.2","0%","0.48","6.59","--","--","--","0.94","-39.99","USD","0.72544","Cancellation ID 5443633363","--"
"17 Jun 2026","Refund","14-14752-96987","14-14752-96987","rache_mendo","Rachel Ellington","Goodyear","AZ","85338-1055","US","-11.46","GBP","--","--","--","--","--","--","--","2Pack W10295²370A EDR1²RXD1 Filter²1 9081 Refrigerator Ice Replacement US NEW","FILTER 1_PA","--","--","--","--","-1.76","0%","0.48","3.31","--","--","--","0.47","-19.99","USD","0.7284","Cancellation ID 5443633101","--"
"17 Jun 2026","Refund","14-14757-83195","14-14757-83195","pamautocar","Pierre Youssef","Texas City","TX","77568-1325","US","-11.45","GBP","--","--","--","--","--","--","--","US STOCK ✅ 4PK Frigidaire FPPWFU01 PWF-1 Refrige PurePour Water & Ice Filter New","PurePour Filter_PA","--","--","--","--","-1.65","0%","0.48","3.3","--","--","--","0.47","-19.99","USD","0.72714","Cancellation ID 5443633096","--"
"17 Jun 2026","Other fee","01-14799-01387","01-14799-01387","ricfi_8340","Richard Filer","--","--","--","--","-1.4","GBP","--","--","--","--","--","336375973242","--","--","--","--","--","--","--","--","0%","--","--","--","--","--","--","-1.4","GBP","--","FEE-7614020917414_11","Promoted Listings - General fee "
"17 Jun 2026","Order","01-14799-01387","01-14799-01387","ricfi_8340","Richard Filer","Fareham","Hampshire","PO14 2PH","GB","6.53","GBP","--","--","--","--","--","336375973242","10081781676601","1pc Clothes Drying Rack Wall Mounted Adjustable Angle Collapsible Coat Hanger","MPL260011-CB_Bl","1","7.81","0","--","--","0%","-0.12","-1.12","-0.04","--","--","--","7.81","GBP","--","--","--"
"17 Jun 2026","Other fee","25-14753-10761","25-14753-10761","imcek_0","Immacolata napolitano","--","--","--","--","-0.79","GBP","--","--","--","--","--","336533773510","--","--","--","--","--","--","--","--","0%","--","--","--","--","--","--","-0.79","GBP","--","FEE-7613863825914_11","Promoted Listings - General fee "
"17 Jun 2026","Other fee","27-14754-67770","27-14754-67770","jajo-101559","Jana Jones","--","--","--","--","-0.67","GBP","--","--","--","--","--","336490648747","--","--","--","--","--","--","--","--","0%","--","--","--","--","--","--","-0.67","GBP","--","FEE-7613614262414_11","Promoted Listings - General fee "
"17 Jun 2026","Order","27-14754-67770","27-14754-67770","jajo-101559","Jana Jones","Tunbride Wells","Kent","Tn2 3ld","GB","3.52","GBP","--","--","--","--","--","336490648747","10085840791227","5x Disposable Emergency Raincoat Adult Waterproof PONCHO Rain Festivals Hiking","MPL260104-CB","1","4.49","0","--","--","0%","-0.36","-0.59","-0.02","--","--","--","4.49","GBP","--","--","--"
"17 Jun 2026","Other fee","04-14792-34295","04-14792-34295","adri.szwe","adrian szwedziuk","--","--","--","--","-0.56","GBP","--","--","--","--","--","336351320624","--","--","--","--","--","--","--","--","0%","--","--","--","--","--","--","-0.56","GBP","--","FEE-7613558857514_11","Promoted Listings - General fee "
"17 Jun 2026","Order","04-14792-34295","04-14792-34295","adri.szwe","adrian szwedziuk","Coventry","West Midlands","CV1 2DE","GB","2.95","GBP","--","--","--","--","--","336351320624","10082270960304","12pcs/Set Side Hole Blind Needles Upholstery Big Hole Carbon Steel NeedleWork UK","ZOSh0429","1","3.93","0","--","--","0%","-0.36","-0.61","-0.01","--","--","--","3.93","GBP","--","--","--"
"17 Jun 2026","Other fee","20-14765-53819","20-14765-53819","julibeeto-0","Julie Beeton","--","--","--","--","-0.42","GBP","--","--","--","--","--","336334564373","--","--","--","--","--","--","--","--","0%","--","--","--","--","--","--","-0.42","GBP","--","FEE-7613347222414_11","Promoted Listings - General fee "
"17 Jun 2026","Order","20-14765-53819","20-14765-53819","julibeeto-0","Julie Beeton","Nottingham","Nottinghamshire","NG6 0EA","GB","4.14","GBP","--","--","--","--","--","336334564373","10081657799120","2pcs Oven Mitts Kitchen Gloves Microwave Insulated Heat Resistant Baking Cooking","ZOSh0200_2p-c","1","4.99","0","--","--","0%","-0.12","-0.71","-0.02","--","--","--","4.99","GBP","--","--","--"
"17 Jun 2026","Refund","09-14764-38248","09-14764-38248","teresajohnson65","Teresa Johnson","Kite","KY","41828-9041","US","-17.44","GBP","--","--","--","--","--","--","--","2Pack W10295²370A EDR1²RXD1 Filter²1 9081 Refrigerator Ice Replacement US NEW","FILTER 1_PA2","--","--","--","--","-1.8","0%","0.48","4.85","--","--","--","0.68","-29.99","USD","0.72714","Cancellation ID 5443551805","--"
"17 Jun 2026","Other fee","23-14760-42844","23-14760-42844","donnaannette26","Dawn  Bailey","--","--","--","--","-2.68","GBP","--","--","--","--","--","336545608843","--","--","--","--","--","--","--","--","0%","--","--","--","--","--","--","-2.68","GBP","--","FEE-7613044090814_11","Promoted Listings - General fee "
"17 Jun 2026","Order","23-14760-42844","23-14760-42844","donnaannette26","Dawn  Bailey","Darlington","--","Dl3 9xp","GB","15.81","GBP","--","--","--","--","Funds available within 2 days of order delivery. ","336545608843","10081867282123","3x Android Hub Air Tracker Tag Bluetooth Smart Key Finder Tag for Google Find","MPL260102-CB","1","18.58","0","--","--","0%","-0.48","-2.21","-0.08","--","--","--","18.58","GBP","--","--","--"
"16 Jun 2026","Other fee","15-14771-72698","15-14771-72698","g0954n","Gillian Nilsen","--","--","--","--","-1.02","GBP","--","--","--","--","--","336514681291","--","--","--","--","--","--","--","--","0%","--","--","--","--","--","--","-1.02","GBP","--","FEE-7612180210114_11","Promoted Listings - General fee "
"16 Jun 2026","Order","15-14771-72698","15-14771-72698","g0954n","Gillian Nilsen","London","London","E1 5DF","GB","4.56","GBP","--","--","--","--","--","336514681291","10082676142215","Nail File Buffer Set for Manicure Pedicure Double Sided, 7 Way Shape & Shine","ZOSh0484","2","5.68","0","--","--","0%","-0.36","-0.74","-0.02","--","--","--","5.68","GBP","--","--","--"
"16 Jun 2026","Other fee","20-14763-54297","20-14763-54297","shelleick0","Shelley North","--","--","--","--","-0.76","GBP","--","--","--","--","--","336339161386","--","--","--","--","--","--","--","--","0%","--","--","--","--","--","--","-0.76","GBP","--","FEE-7612144905014_11","Promoted Listings - General fee "
"16 Jun 2026","Order","20-14763-54297","20-14763-54297","shelleick0","Shelley North","Ilkeston, West Hallam","Derbyshire","DE7 6GU","GB","3.49","GBP","--","--","--","--","--","336339161386","10081646321020","10pcs Artificial Pampas Grass Fake Reed Flower Bunch Wedding Home Decor Bunch","ZOSh0399_Pu","1","4.22","0","--","--","0%","-0.12","-0.6","-0.01","--","--","--","4.22","GBP","--","--","--"
"16 Jun 2026","Order","19-14765-12983","19-14765-12983","madkaf86","Kathryn Green","Chesterfield","Derbyshire","S41 8BD","GB","4.97","GBP","--","--","--","--","--","336617305755","10082625061219"," Kitchen Cabinet Door Hanging Hooks Storage Rack Bathroom Organiser Hanger UK","AsReg171_Bl","2","5.96","0","--","--","0%","-0.12","-0.85","-0.02","--","--","--","5.96","GBP","--","--","--"
"16 Jun 2026","Refund","04-14768-59981","04-14768-59981","boomerut","Arnie Finkleman","Midway","UT","84049","US","-11.46","GBP","--","--","--","--","--","--","--","2Pack W10295²370A EDR1²RXD1 Filter²1 9081 Refrigerator Ice Replacement US NEW","FILTER 1_PA","--","--","--","--","-1.73","0%","0.48","3.31","--","--","--","0.47","-19.99","USD","0.7284","Cancellation ID 5443540817","--"
"16 Jun 2026","Other fee","01-14738-29470","01-14738-29470","kaycaughtmyeye","Katherine Dunker","--","--","--","--","3.51","GBP","--","--","--","--","--","336583271189","--","--","--","--","--","--","--","--","0%","--","--","--","--","--","--","4.61","USD","1.31308","FEE-5381488361--6286971853648977658_42","Promoted Listings - General fee "
"16 Jun 2026","Claim","01-14738-29470","01-14738-29470","kaycaughtmyeye","Katherine Dunker","Joint Base Mdl","NJ","08641-1902","US","-14.15","GBP","--","--","--","--","--","--","--","2 pack Frigidaire FPPWFU01 PWF-1 Refrige PurePour Water &Ice Refrigerater Filter","--","--","--","--","--","--","0%","--","3.9","--","--","--","0.55","-23.99","USD","0.72397","Request ID 5381488361","--"
"16 Jun 2026","Other fee","17-14767-73991","17-14767-73991","sinunity","Emoke Kelemen","--","--","--","--","-0.8","GBP","--","--","--","--","--","336334564373","--","--","--","--","--","--","--","--","0%","--","--","--","--","--","--","-0.8","GBP","--","FEE-7611851159114_11","Promoted Listings - General fee "
"16 Jun 2026","Order","17-14767-73991","17-14767-73991","sinunity","Emoke Kelemen","Gateshead","Tyne and Wear","NE10 9RJ","GB","4.14","GBP","--","--","--","--","--","336334564373","10082665732317","2pcs Oven Mitts Kitchen Gloves Microwave Insulated Heat Resistant Baking Cooking","ZOSh0200_2p-d","1","4.99","0","--","--","0%","-0.12","-0.71","-0.02","--","--","--","4.99","GBP","--","--","--"
"16 Jun 2026","Other fee","22-14759-26655","22-14759-26655","merve157","GRAHAM FELLOWS","--","--","--","--","-0.67","GBP","--","--","--","--","--","336590897581","--","--","--","--","--","--","--","--","0%","--","--","--","--","--","--","-0.67","GBP","--","FEE-7611650237014_11","Promoted Listings - General fee "
"16 Jun 2026","Order","22-14759-26655","22-14759-26655","merve157","GRAHAM FELLOWS","Leicester","Leicestershire","LE2 1TN","GB","5.25","GBP","--","--","--","--","Funds available within 2 days of order delivery. ","336590897581","10081897993422","Ceramic Repair Paste White Porcelain Sink Crack Tile Bathtub Hole Repair Agent","AsReg14","1","6.19","0","--","--","0%","-0.12","-0.8","-0.02","--","--","--","6.19","GBP","--","--","--"
"16 Jun 2026","Other fee","15-14770-51645","15-14770-51645","depum_56","Debra Pumford","--","--","--","--","-0.8","GBP","--","--","--","--","--","336334564373","--","--","--","--","--","--","--","--","0%","--","--","--","--","--","--","-0.8","GBP","--","FEE-7611608096714_11","Promoted Listings - General fee "
"16 Jun 2026","Order","15-14770-51645","15-14770-51645","depum_56","Debra Pumford","Pontefract","West Yorkshire","wf7 7aw","GB","4.14","GBP","--","--","--","--","--","336334564373","10082669308315","2pcs Oven Mitts Kitchen Gloves Microwave Insulated Heat Resistant Baking Cooking","ZOSh0200_2p-b","1","4.99","0","--","--","0%","-0.12","-0.71","-0.02","--","--","--","4.99","GBP","--","--","--"
"16 Jun 2026","Other fee","01-14793-80533","01-14793-80533","wea6941","Amy Weaver","--","--","--","--","-0.89","GBP","--","--","--","--","--","336499504593","--","--","--","--","--","--","--","--","0%","--","--","--","--","--","--","-0.89","GBP","--","FEE-7610931088214_11","Promoted Listings - General fee "
"16 Jun 2026","Order","01-14793-80533","01-14793-80533","wea6941","Amy Weaver","port talbot","Neath Port Talbot","sa12 9ny","GB","3.92","GBP","--","--","--","--","--","336499504593","10081752618301","UV LED Nail Lamp Mini Gel Nail Dryer Portable Nails USB Flash Cure Light UK","MPL260055-CB_Pi","1","4.95","0","--","--","0%","-0.36","-0.65","-0.02","--","--","--","4.95","GBP","--","--","--"
"16 Jun 2026","Order","25-14753-10761","25-14753-10761","imcek_0","Immacolata napolitano","LEIGHTON BUZZARD","Bedfordshire","Lu72fg","GB","4.58","GBP","--","--","--","--","--","336533773510","10081465376525","12 pcs Oil-Absorbing Filter Paper Kitchen Cook Range Hood Anti-oil Sticker Non-w","MPL260022-CB","1","5.5","0","--","--","0%","-0.12","-0.78","-0.02","--","--","--","5.5","GBP","--","--","--"
"16 Jun 2026","Other fee","24-14769-48694","24-14769-48694","tdb3281","t bell","--","--","--","--","-0.74","GBP","--","--","--","--","--","336334564373","--","--","--","--","--","--","--","--","0%","--","--","--","--","--","--","-0.74","GBP","--","FEE-7610791531314_11","Promoted Listings - General fee "
"16 Jun 2026","Other fee","24-14769-48694","24-14769-48694","tdb3281","t bell","--","--","--","--","-0.74","GBP","--","--","--","--","--","336334564373","--","--","--","--","--","--","--","--","0%","--","--","--","--","--","--","-0.74","GBP","--","FEE-7610791499114_11","Promoted Listings - General fee "
"16 Jun 2026","Order","24-14769-48694","24-14769-48694","tdb3281","t bell","southport","Lancashire","pr8 2sa","GB","7.73","GBP","--","--","--","--","Funds available within 2 days of order delivery. ","--","--","--","--","--","--","--","--","--","0%","--","--","--","--","--","--","9.21","GBP","--","--","--"
"16 Jun 2026","Order","24-14769-48694","24-14769-48694","tdb3281","t bell","southport","Lancashire","pr8 2sa","GB","--","--","--","--","--","--","Funds available within 2 days of order delivery. ","336334564373","10081636982424","2pcs Oven Mitts Kitchen Gloves Microwave Insulated Heat Resistant Baking Cooking","ZOSh0200_2p-b","1","4.61","0","--","--","0%","--","-0.66","-0.02","--","--","--","--","--","--","--","--"
"16 Jun 2026","Order","24-14769-48694","24-14769-48694","tdb3281","t bell","southport","Lancashire","pr8 2sa","GB","--","--","--","--","--","--","Funds available within 2 days of order delivery. ","336334564373","10081636982524","2pcs Oven Mitts Kitchen Gloves Microwave Insulated Heat Resistant Baking Cooking","ZOSh0200_2p-c","1","4.6","0","--","--","0%","-0.12","-0.66","-0.02","--","--","--","--","--","--","--","--"
"16 Jun 2026","Claim","26-14686-13054","26-14686-13054","welcome2memphis","Ester Kimmons","Kankakee","IL","60901-2332","US","-9.41","GBP","--","--","--","--","--","--","--","2Pack W10295²370A EDR1²RXD1 Filter²1 9081 Refrigerator Ice Replacement US NEW","--","--","--","--","--","--","0%","--","2.64","--","--","--","0.37","-15.99","USD","0.72473","Request ID 5381451132","--"
"16 Jun 2026","Other fee","21-14757-87649","21-14757-87649","ccaasseeyy10","DAVID CASEY","--","--","--","--","-0.82","GBP","--","--","--","--","--","336487562614","--","--","--","--","--","--","--","--","0%","--","--","--","--","--","--","-0.82","GBP","--","FEE-7609995652514_11","Promoted Listings - General fee "
"16 Jun 2026","Order","21-14757-87649","21-14757-87649","ccaasseeyy10","DAVID CASEY","Stockton-on-tees,","Cleveland","TS17 5GJ","GB","3.77","GBP","--","--","--","--","--","336487562614","10086800450021","Over Neck Book Reading Lamp Light Handsfree LED Flexible USB Rechargeable Light","MPL260085-CB","1","4.56","0","--","--","0%","-0.12","-0.65","-0.02","--","--","--","4.56","GBP","--","--","--"
"15 Jun 2026","Other fee","25-14749-92766","25-14749-92766","swimkids13","Daniel Rollinson","--","--","--","--","-0.64","GBP","--","--","--","--","--","336590897581","--","--","--","--","--","--","--","--","0%","--","--","--","--","--","--","-0.64","GBP","--","FEE-7609222968514_11","Promoted Listings - General fee "
"15 Jun 2026","Order","25-14749-92766","25-14749-92766","swimkids13","Daniel Rollinson","Wakefield","West Yorkshire","WF2 7NU","GB","4.97","GBP","--","--","--","--","Funds available within 2 days of order delivery. ","336590897581","10081447218225","Ceramic Repair Paste White Porcelain Sink Crack Tile Bathtub Hole Repair Agent","AsReg14","1","5.88","0","--","--","0%","-0.12","-0.77","-0.02","--","--","--","5.88","GBP","--","--","--"
"15 Jun 2026","Other fee","25-14749-78579","25-14749-78579","iaclark330","ian clarke","--","--","--","--","-1.4","GBP","--","--","--","--","--","336375973242","--","--","--","--","--","--","--","--","0%","--","--","--","--","--","--","-1.4","GBP","--","FEE-7609151567714_11","Promoted Listings - General fee "
"15 Jun 2026","Order","25-14749-78579","25-14749-78579","iaclark330","ian clarke","wrexham","Wrexham","LL144DZ","GB","6.53","GBP","--","--","--","--","--","336375973242","10081446412425","1pc Clothes Drying Rack Wall Mounted Adjustable Angle Collapsible Coat Hanger","MPL260011-CB_Gr","1","7.81","0","--","--","0%","-0.12","-1.12","-0.04","--","--","--","7.81","GBP","--","--","--"
"15 Jun 2026","Other fee","15-14710-67336","15-14710-67336","travelcup","Matt Hannan","--","--","--","--","3.95","GBP","--","--","--","--","--","336590894250","--","--","--","--","--","--","--","--","0%","--","--","--","--","--","--","5.17","USD","1.3116","FEE-10426980822_42","Promoted Listings - General fee "
"15 Jun 2026","Refund","25-14692-27577","25-14692-27577","dddelite1","Dolores Minter","King George","VA","22485-4308","US","-33.39","GBP","--","--","--","--","--","--","--","2Pack W10295²370A EDR1²RXD1 Filter²1 9081 Refrigerator Ice Replacement US NEW","FILTER 1_PA4","--","--","--","--","-3.02","0%","0.48","9.14","--","--","--","1.3","-56.99","USD","0.72473","Cancellation ID 5443388752","--"
"15 Jun 2026","Refund","15-14710-67336","15-14710-67336","travelcup","Matt Hannan","Woodland","WA","98674-9391","US","-23.2","GBP","--","--","--","--","--","--","--","US STOCK ✅ 4PK Frigidaire FPPWFU01 PWF-1 Refrige PurePour Water & Ice Filter New","PurePour Filter_PA3","--","--","--","--","-3.08","0%","0.48","6.56","--","--","--","0.94","-39.99","USD","0.72479","Cancellation ID 5443388189","--"
"15 Jun 2026","Refund","21-14700-97252","21-14700-97252","fountainofknowledge742","Greg Fleming","Borger","TX","79007-4802","US","-46.71","GBP","--","--","--","--","--","--","--","2Pack W10295²370A EDR1²RXD1 Filter²1 9081 Refrigerator Ice Replacement US NEW","FILTER 1_PA5","--","--","--","--","-6.6","0%","0.48","13.2","--","--","--","1.87","-79.99","USD","0.72479","Cancellation ID 5443388078","--"
"15 Jun 2026","Refund","03-14734-37672","03-14734-37672","bjul_ju_zlrejs","Julieta White","Polk City","FL","33868-4008","US","-23.22","GBP","--","--","--","--","--","--","--","2Pack W10295²370A EDR1²RXD1 Filter²1 9081 Refrigerator Ice Replacement US NEW","FILTER 1_PA3","--","--","--","--","-2.8","0%","0.48","6.52","--","--","--","0.92","-39.99","USD","0.72397","Cancellation ID 5443387677","--"
"15 Jun 2026","Other fee","02-14786-55530","02-14786-55530","buzzrtn","john noon","--","--","--","--","-0.64","GBP","--","--","--","--","--","336334561265","--","--","--","--","--","--","--","--","0%","--","--","--","--","--","--","-0.64","GBP","--","FEE-7608390670314_11","Promoted Listings - General fee "
"15 Jun 2026","Order","02-14786-55530","02-14786-55530","buzzrtn","john noon","Doncaster","South Yorkshire","DN5 7AN","GB","3.04","GBP","--","--","--","--","--","336334561265","10081933206202","2x Silicone Foot Care Socks Moisturizing Gel Socks Elastic Cracked Skin Care","MPL260092-CB_Nu","1","3.93","0","--","--","0%","-0.36","-0.52","-0.01","--","--","--","3.93","GBP","--","--","--"
"15 Jun 2026","Other fee","17-14761-33711","17-14761-33711","smeryl8","Meryl Smart","--","--","--","--","-0.64","GBP","--","--","--","--","--","336590897581","--","--","--","--","--","--","--","--","0%","--","--","--","--","--","--","-0.64","GBP","--","FEE-7608357894414_11","Promoted Listings - General fee "
"15 Jun 2026","Order","17-14761-33711","17-14761-33711","smeryl8","Meryl Smart","Taunton","Somerset","TA2 7DD","GB","5.02","GBP","--","--","--","--","Funds available within 2 days of order delivery. ","336590897581","10082629435317","Ceramic Repair Paste White Porcelain Sink Crack Tile Bathtub Hole Repair Agent","AsReg14","1","5.94","0","--","--","0%","-0.12","-0.78","-0.02","--","--","--","5.94","GBP","--","--","--"
"14 Jun 2026","Order","16-14761-38934","16-14761-38934","dunba3666-grsy2s","Diane Barnett","Forfar","Angus","DD83FH","GB","4.68","GBP","--","--","--","--","--","336607223837","10082622743516","Food-Grade Silicone Dog Licking Bowl Rolling Ball Pet Slow Feeder Liquid Snack","AsReg29","1","5.98","0","--","--","0%","-0.36","-0.92","-0.02","--","--","--","5.98","GBP","--","--","--"
"14 Jun 2026","Claim","26-14697-62984","26-14697-62984","grandagra","Chad M. Saathoff","Double Oak","TX","75077-8268","US","-23.49","GBP","--","--","--","--","--","--","--","2Pack W10295²370A EDR1²RXD1 Filter²1 9081 Refrigerator Ice Replacement US NEW","--","--","--","--","--","--","0%","--","6.6","--","--","--","0.94","-39.99","USD","0.72397","Request ID 5381360893","--"
"14 Jun 2026","Other fee","13-14765-44278","13-14765-44278","trben_9292","Tracy Bentley","--","--","--","--","-0.14","GBP","--","--","--","--","--","336497544256","--","--","--","--","--","--","--","--","0%","--","--","--","--","--","--","-0.14","GBP","--","FEE-7607126691814_11","Promoted Listings - General fee "
"14 Jun 2026","Order","13-14765-44278","13-14765-44278","trben_9292","Tracy Bentley","Sittingbourne","Kent","ME10 4LG","GB","4.82","GBP","--","--","--","--","--","336497544256","10083927068613","1pc Urinal Bottle Male Female Urine Wee She Funnel Travel Camping Toilet Portabl","ZOSh0464","1","5.98","0","--","--","0%","-0.36","-0.78","-0.02","--","--","--","5.98","GBP","--","--","--"
"14 Jun 2026","Other fee","17-14758-52506","17-14758-52506","94melis47","Savannah Carver","--","--","--","--","-0.78","GBP","--","--","--","--","--","336334564373","--","--","--","--","--","--","--","--","0%","--","--","--","--","--","--","-0.78","GBP","--","FEE-7607110481614_11","Promoted Listings - General fee "
"14 Jun 2026","Order","17-14758-52506","17-14758-52506","94melis47","Savannah Carver","Leeds, Kippax","Leeds","LS25 7BE","GB","4.01","GBP","--","--","--","--","--","336334564373","10082612497917","2pcs Oven Mitts Kitchen Gloves Microwave Insulated Heat Resistant Baking Cooking","ZOSh0200_2p-b","1","4.85","0","--","--","0%","-0.12","-0.7","-0.02","--","--","--","4.85","GBP","--","--","--"
"14 Jun 2026","Other fee","19-14755-35296","19-14755-35296","narindameyo0","narindar meyon","--","--","--","--","-0.64","GBP","--","--","--","--","--","336590897581","--","--","--","--","--","--","--","--","0%","--","--","--","--","--","--","-0.64","GBP","--","FEE-7607094046014_11","Promoted Listings - General fee "
"14 Jun 2026","Order","19-14755-35296","19-14755-35296","narindameyo0","narindar meyon","Middlesex","London","TW5 0HW","GB","5.02","GBP","--","--","--","--","Funds available within 2 days of order delivery. ","336590897581","10082568757919","Ceramic Repair Paste White Porcelain Sink Crack Tile Bathtub Hole Repair Agent","AsReg14","1","5.94","0","--","--","0%","-0.12","-0.78","-0.02","--","--","--","5.94","GBP","--","--","--"
"14 Jun 2026","Other fee","05-14712-25229","05-14712-25229","labmanager-5","gary speary","--","--","--","--","1.08","GBP","--","--","--","--","--","336584652696","--","--","--","--","--","--","--","--","0%","--","--","--","--","--","--","1.08","GBP","--","FEE-5148642320-FeePromotedListingFeature_42","Promoted Listings - General fee "
"14 Jun 2026","Refund","05-14712-25229","05-14712-25229","labmanager-5","gary speary","stevenage","Hertfordshire","sg1 6gd","GB","-8.38","GBP","--","--","--","--","--","--","--","Long Handled Dustpan and Brush Set Strong Metal Cleaning Lightweight Home Uk","AsReg101_Bl","--","--","--","--","--","0%","0.12","1.43","0.04","--","--","--","-9.97","GBP","--","Refund ID 5194756388","--"
"14 Jun 2026","Other fee","22-14749-59192","22-14749-59192","lorrhar_1575","Lorraine Harland","--","--","--","--","-0.52","GBP","--","--","--","--","--","336514681291","--","--","--","--","--","--","--","--","0%","--","--","--","--","--","--","-0.52","GBP","--","FEE-7606676257814_11","Promoted Listings - General fee "
"14 Jun 2026","Order","22-14749-59192","22-14749-59192","lorrhar_1575","Lorraine Harland","Whitby","North Yorkshire","YO21 3JA","GB","2.1","GBP","--","--","--","--","--","336514681291","10081842265222","Nail File Buffer Set for Manicure Pedicure Double Sided, 7 Way Shape & Shine","ZOSh0484","1","2.84","0","--","--","0%","-0.36","-0.37","-0.01","--","--","--","2.84","GBP","--","--","--"
"14 Jun 2026","Other fee","02-14782-78010","02-14782-78010","fur2608","ruth furlong","--","--","--","--","-0.64","GBP","--","--","--","--","--","336590897581","--","--","--","--","--","--","--","--","0%","--","--","--","--","--","--","-0.64","GBP","--","FEE-7606663954814_11","Promoted Listings - General fee "
"14 Jun 2026","Other fee","16-14759-34378","16-14759-34378","robmcgi_29","robert mcginley","--","--","--","--","-0.64","GBP","--","--","--","--","--","336334564530","--","--","--","--","--","--","--","--","0%","--","--","--","--","--","--","-0.64","GBP","--","FEE-7606652598914_11","Promoted Listings - General fee "
"14 Jun 2026","Order","02-14782-78010","02-14782-78010","fur2608","ruth furlong","Cardiff, Creigiau","Cardiff","CF15 9SQ","GB","5.02","GBP","--","--","--","--","Funds available within 2 days of order delivery. ","336590897581","10081910547502","Ceramic Repair Paste White Porcelain Sink Crack Tile Bathtub Hole Repair Agent","AsReg14","1","5.94","0","--","--","0%","-0.12","-0.78","-0.02","--","--","--","5.94","GBP","--","--","--"
"14 Jun 2026","Order","16-14759-34378","16-14759-34378","robmcgi_29","robert mcginley","Annan","--","DG12 6JD","GB","3.49","GBP","--","--","--","--","--","336334564530","10082610475416","50 Pack of Heavy Duty Cup Hooks Screw in 21MM Coffee Hook Kitchen Mug Wall Hang","MPL260062-CB_Bl","1","4.22","0","--","--","0%","-0.12","-0.6","-0.01","--","--","--","4.22","GBP","--","--","--"
"14 Jun 2026","Other fee","12-14761-50112","12-14761-50112","gasdude666","N. lockey","--","--","--","--","-0.72","GBP","--","--","--","--","--","336634267729","--","--","--","--","--","--","--","--","0%","--","--","--","--","--","--","-0.72","GBP","--","FEE-7606635262814_11","Promoted Listings - General fee "
"14 Jun 2026","Refund","08-14712-71011","08-14712-71011","eltejano7","Eugene Reyes","Oak Lawn","IL","60453-1635","US","-13.12","GBP","--","--","--","--","--","--","--","2Pack W10295²370A EDR1²RXD1 Filter²1 9081 Refrigerator Ice Replacement US NEW","FILTER 1_PA2","--","--","--","--","-2.36","0%","0.48","3.86","--","--","--","0.55","-22.99","USD","0.72462","Cancellation ID 5443255490","--"
"14 Jun 2026","Other fee","15-14709-16862","15-14709-16862","dmerns","David M Ernst","--","--","--","--","7.27","GBP","--","--","--","--","--","336585334014","--","--","--","--","--","--","--","--","0%","--","--","--","--","--","--","9.54","USD","1.3116","FEE-5148629036-FeePromotedListingFeature_42","Promoted Listings - General fee "
"14 Jun 2026","Other fee","05-14724-63627","05-14724-63627","thom_8241","Thomas Thompson","--","--","--","--","6.4","GBP","--","--","--","--","--","336607301715","--","--","--","--","--","--","--","--","0%","--","--","--","--","--","--","8.39","USD","1.31171","FEE-5148628954-FeePromotedListingFeature_42","Promoted Listings - General fee "
"14 Jun 2026","Refund","15-14709-16862","15-14709-16862","dmerns","David M Ernst","Louisville","KY","40223-5516","US","-29.2","GBP","--","--","--","--","--","--","--","Frigidaire FPPWFU01 PurePour PWF-1 Refrigerator Water Filter - 4 PACK","PurePour Filter 4 Pack","--","--","--","--","-3","0%","0.48","8.08","--","--","--","1.14","-49.99","USD","0.72479","Refund ID 5194736255","--"
"14 Jun 2026","Refund","05-14724-63627","05-14724-63627","thom_8241","Thomas Thompson","Metamora","MI","48455-8980","US","-38.64","GBP","--","--","--","--","--","--","--","NEW 2 PK W10413²645A EDR2²RXD1 Filter 2 9082 Refrigerator Ice Replacement","Filter 2","--","--","--","--","-3.96","0%","0.48","10.66","--","--","--","1.51","-65.97","USD","0.72473","Refund ID 5194736167","--"
"14 Jun 2026","Other fee","11-14766-79497","11-14766-79497","trfox-0","Patricia Foxwell","--","--","--","--","-0.62","GBP","--","--","--","--","--","336490648747","--","--","--","--","--","--","--","--","0%","--","--","--","--","--","--","-0.62","GBP","--","FEE-7606180241814_11","Promoted Listings - General fee "
"14 Jun 2026","Order","11-14766-79497","11-14766-79497","trfox-0","Patricia Foxwell","Minehead","Somerset","TA24 7ED","GB","3.27","GBP","--","--","--","--","--","336490648747","10082696535411","5x Disposable Emergency Raincoat Adult Waterproof PONCHO Rain Festivals Hiking","MPL260104-CB","1","4.19","0","--","--","0%","-0.36","-0.55","-0.01","--","--","--","4.19","GBP","--","--","--"
"14 Jun 2026","Other fee","24-14760-42523","24-14760-42523","dave9281","dave hughes","--","--","--","--","-0.62","GBP","--","--","--","--","--","336490648747","--","--","--","--","--","--","--","--","0%","--","--","--","--","--","--","-0.62","GBP","--","FEE-7606121311414_11","Promoted Listings - General fee "
"14 Jun 2026","Order","24-14760-42523","24-14760-42523","dave9281","dave hughes","fleetwood","Lancashire","fy76qz","GB","3.27","GBP","--","--","--","--","--","336490648747","10081584200524","5x Disposable Emergency Raincoat Adult Waterproof PONCHO Rain Festivals Hiking","MPL260104-CB","1","4.19","0","--","--","0%","-0.36","-0.55","-0.01","--","--","--","4.19","GBP","--","--","--"
"13 Jun 2026","Other fee","05-14776-07645","05-14776-07645","2014_honie","Aleksandra Talarek","--","--","--","--","-0.61","GBP","--","--","--","--","--","336519888576","--","--","--","--","--","--","--","--","0%","--","--","--","--","--","--","-0.61","GBP","--","FEE-7605266561814_11","Promoted Listings - General fee "
"13 Jun 2026","Order","05-14776-07645","05-14776-07645","2014_honie","Aleksandra Talarek","Doncaster","South Yorkshire","DN2 4RR","GB","2.9","GBP","--","--","--","--","Funds available within 2 days of order delivery. ","336519888576","10081829991705","White Pearl Chrome Nail Powder Glitter Art Powder 0.5g Glimmer Hot Nails Premium","ZOSh0488","1","3.76","0","--","--","0%","-0.36","-0.49","-0.01","--","--","--","3.76","GBP","--","--","--"
"13 Jun 2026","Refund","19-14708-64379","19-14708-64379","jww2","John Wuichet","Lewis Center","OH","43035-6149","US","-13.21","GBP","--","--","--","--","--","--","--","2Pack W10295²370A EDR1²RXD1 Filter²1 9081 Refrigerator Ice Replacement US NEW","FILTER 1_PA2","--","--","--","--","-1.61","0%","0.48","3.74","--","--","--","0.53","-22.99","USD","0.72397","Cancellation ID 5443209455","--"
"13 Jun 2026","Refund","10-14700-60251","10-14700-60251","burgurmeister","J. Michael Salkovick","Greensburg","PA","15601-9729","US","-46.97","GBP","--","--","--","--","--","--","--","2Pack W10295²370A EDR1²RXD1 Filter²1 9081 Refrigerator Ice Replacement US NEW","FILTER 1_PA5","--","--","--","--","-4.8","0%","0.48","12.92","--","--","--","1.84","-79.99","USD","0.72544","Cancellation ID 5443203943","--"
"13 Jun 2026","Claim","09-14699-36088","09-14699-36088","casper954","Maria Mudafort","Pembroke Pines","FL","33028-2452","US","-13.62","GBP","--","--","--","--","--","--","--","2Pack W10295²370A EDR1²RXD1 Filter²1 9081 Refrigerator Ice Replacement US NEW","--","--","--","--","--","--","0%","--","3.74","--","--","--","0.53","-22.99","USD","0.72763","Request ID 5381313508","--"
"13 Jun 2026","Claim","15-14692-62909","15-14692-62909","623evanb","Evan Bagner","Peoria","AZ","85383","US","-13.51","GBP","--","--","--","--","--","--","--","2Pack W10295²370A EDR1²RXD1 Filter²1 9081 Refrigerator Ice Replacement US NEW","--","--","--","--","--","--","0%","--","3.83","--","--","--","0.54","-22.99","USD","0.72544","Request ID 5381258073","--"
"13 Jun 2026","Claim","19-14698-03933","19-14698-03933","royalblu2","Jeffrey Shaeffer","Maineville","OH","45039-8637","US","-23.6","GBP","--","--","--","--","--","--","--","2Pack W10295²370A EDR1²RXD1 Filter²1 9081 Refrigerator Ice Replacement US NEW","--","--","--","--","--","--","0%","--","6.5","--","--","--","0.92","-39.99","USD","0.72473","Request ID 5381206322","--"
"13 Jun 2026","Other fee","08-14769-12941","08-14769-12941","becky.ashley","Rebecca Ashley","--","--","--","--","-0.78","GBP","--","--","--","--","--","336334564373","--","--","--","--","--","--","--","--","0%","--","--","--","--","--","--","-0.78","GBP","--","FEE-7604617660514_11","Promoted Listings - General fee "
"13 Jun 2026","Order","08-14769-12941","08-14769-12941","becky.ashley","Rebecca Ashley","Huddersfield","West Yorkshire","HD7 5NN","GB","4.01","GBP","--","--","--","--","--","336334564373","10081651856008","2pcs Oven Mitts Kitchen Gloves Microwave Insulated Heat Resistant Baking Cooking","ZOSh0200_2p-d","1","4.85","0","--","--","0%","-0.12","-0.7","-0.02","--","--","--","4.85","GBP","--","--","--"
"13 Jun 2026","Other fee","25-14740-75320","25-14740-75320","navka_8336","Navjit Kaur","--","--","--","--","-0.92","GBP","--","--","--","--","--","336459201259","--","--","--","--","--","--","--","--","0%","--","--","--","--","--","--","-0.92","GBP","--","FEE-7603799936414_11","Promoted Listings - General fee "
"13 Jun 2026","Order","25-14740-75320","25-14740-75320","navka_8336","Navjit Kaur","West Bromwich","--","B70 7DZ","GB","4.25","GBP","--","--","--","--","--","336459201259","10081393627225","120g Gel Anti Mould Seal Mildew Gel Cleaning Bathroom Kitchen Remover","MPL260077-CB","1","5.12","0","--","--","0%","-0.12","-0.73","-0.02","--","--","--","5.12","GBP","--","--","--"
"13 Jun 2026","Other fee","26-14738-87643","26-14738-87643","wij3244-6yf638shec","Julie Wills","--","--","--","--","-0.54","GBP","--","--","--","--","--","336537045310","--","--","--","--","--","--","--","--","0%","--","--","--","--","--","--","-0.54","GBP","--","FEE-7603673328414_11","Promoted Listings - General fee "
"13 Jun 2026","Order","26-14738-87643","26-14738-87643","wij3244-6yf638shec","Julie Wills","Exeter","Devon","Ex5 2ra","GB","2.94","GBP","--","--","--","--","--","336537045310","10081387490026","Universal UK Plug 3 Pin Wall Charger Adapter with 1/2 USB Ports for Phones","AsCaB0150_2","1","3.75","0","--","--","0%","-0.36","-0.44","-0.01","--","--","--","3.75","GBP","--","--","--"
"13 Jun 2026","Other fee","23-14683-28264","23-14683-28264","peteneal123","Peter Neal","--","--","--","--","1.3","GBP","--","--","--","--","--","336590867168","--","--","--","--","--","--","--","--","0%","--","--","--","--","--","--","1.3","GBP","--","FEE-5148580642-FeePromotedListingFeature_42","Promoted Listings - General fee "
"13 Jun 2026","Refund","23-14683-28264","23-14683-28264","peteneal123","Peter Neal","Colchester","Essex","CO7 8PX","GB","-9.88","GBP","--","--","--","--","--","--","--","Garden Kneeler Folding 3-Pocket Gardening Kneeling Stool Tool Bag","AsReg11","--","--","--","--","--","0%","0.48","1.56","0.05","--","--","--","-11.97","GBP","--","Refund ID 5194669491","--"
"13 Jun 2026","Order","12-14761-50112","12-14761-50112","gasdude666","N. lockey","walsall","West Midlands","WS6 7EE","GB","4.14","GBP","--","--","--","--","--","336634267729","10082639470712","Universal Tap Aerator Swivel Faucet Spray Head Water Saving Adapter UK Sink","AsCaB043_2x","1","4.99","0","--","--","0%","-0.12","-0.71","-0.02","--","--","--","4.99","GBP","--","--","--"
"13 Jun 2026","Other fee","25-14740-26994","25-14740-26994","dewdrop_shops","Debbie Dewhirst","--","--","--","--","-0.55","GBP","--","--","--","--","--","336490648747","--","--","--","--","--","--","--","--","0%","--","--","--","--","--","--","-0.55","GBP","--","FEE-7603301683914_11","Promoted Listings - General fee "
"13 Jun 2026","Order","25-14740-26994","25-14740-26994","dewdrop_shops","Debbie Dewhirst","Heysham","Lancashire","LA3 2DU","GB","2.85","GBP","--","--","--","--","--","336490648747","10081390912525","5x Disposable Emergency Raincoat Adult Waterproof PONCHO Rain Festivals Hiking","MPL260104-CB","1","3.7","0","--","--","0%","-0.36","-0.48","-0.01","--","--","--","3.7","GBP","--","--","--"
"13 Jun 2026","Other fee","14-14757-83195","14-14757-83195","pamautocar","Pierre Youssef","--","--","--","--","-1.98","GBP","--","--","--","--","--","336590894250","--","--","--","--","--","--","--","--","0%","--","--","--","--","--","--","-2.59","USD","1.30736","FEE-7602998724714_11","Promoted Listings - General fee "
"13 Jun 2026","Order","14-14757-83195","14-14757-83195","pamautocar","Pierre Youssef","Texas City","TX","77568-1325","US","11.45","GBP","--","--","--","--","--","336590894250","10082581176414","US STOCK ✅ 4PK Frigidaire FPPWFU01 PWF-1 Refrige PurePour Water & Ice Filter New","PurePour Filter_PA","1","19.99","0","--","1.65","0%","-0.48","-3.3","--","--","--","-0.47","19.99","USD","0.72714","--","--"
"13 Jun 2026","Other fee","07-14769-33952","07-14769-33952","janpea_67","Janice Pearson","--","--","--","--","-0.58","GBP","--","--","--","--","--","336508704674","--","--","--","--","--","--","--","--","0%","--","--","--","--","--","--","-0.58","GBP","--","FEE-7602931876214_11","Promoted Listings - General fee "
"13 Jun 2026","Order","07-14769-33952","07-14769-33952","janpea_67","Janice Pearson","Hebburn","Tyne and Wear","NE31 1AN","GB","3.07","GBP","--","--","--","--","--","336508704674","10086688459507","V Line Face Lifting Mask Chin Strap Slimming Band Sleep Face Shaper UK","ZOSh0475_Bl","1","3.96","0","--","--","0%","-0.36","-0.52","-0.01","--","--","--","3.96","GBP","--","--","--"
"12 Jun 2026","Other fee","19-14748-41153","19-14748-41153","michaels5348","Michael Salvatore","--","--","--","--","-0.48","GBP","--","--","--","--","--","336514681291","--","--","--","--","--","--","--","--","0%","--","--","--","--","--","--","-0.48","GBP","--","FEE-7602338483214_11","Promoted Listings - General fee "
"12 Jun 2026","Order","19-14748-41153","19-14748-41153","michaels5348","Michael Salvatore","Cymmer","Neath/Port Talbot","SA13 3HS","GB","1.95","GBP","--","--","--","--","--","336514681291","10082528402419","Nail File Buffer Set for Manicure Pedicure Double Sided, 7 Way Shape & Shine","ZOSh0484","1","2.67","0","--","--","0%","-0.36","-0.35","-0.01","--","--","--","2.67","GBP","--","--","--"
"12 Jun 2026","Other fee","11-14761-10718","11-14761-10718","m.murphy41","michelle murphy","--","--","--","--","-0.59","GBP","--","--","--","--","--","336490648747","--","--","--","--","--","--","--","--","0%","--","--","--","--","--","--","-0.59","GBP","--","FEE-7602278032614_11","Promoted Listings - General fee "
"12 Jun 2026","Order","09-14764-38248","09-14764-38248","teresajohnson65","Teresa Johnson","Kite","KY","41828-9041","US","17.44","GBP","--","--","--","--","--","336607241897","10081561156209","2Pack W10295²370A EDR1²RXD1 Filter²1 9081 Refrigerator Ice Replacement US NEW","FILTER 1_PA2","1","29.99","0","--","1.8","0%","-0.48","-4.85","--","--","--","-0.68","29.99","USD","0.72714","--","--"
"12 Jun 2026","Order","11-14761-10718","11-14761-10718","m.murphy41","michelle murphy","Tottington","Lancashire","BL8 3LX","GB","3.05","GBP","--","--","--","--","--","336490648747","10082663587411","5x Disposable Emergency Raincoat Adult Waterproof PONCHO Rain Festivals Hiking","MPL260104-CB","1","3.94","0","--","--","0%","-0.36","-0.52","-0.01","--","--","--","3.94","GBP","--","--","--"
"12 Jun 2026","Other fee","02-14776-05382","02-14776-05382","lawrhensha_0","Lawretta henshaw","--","--","--","--","-0.88","GBP","--","--","--","--","--","336487562614","--","--","--","--","--","--","--","--","0%","--","--","--","--","--","--","-0.88","GBP","--","FEE-7602142694514_11","Promoted Listings - General fee "
"12 Jun 2026","Order","02-14776-05382","02-14776-05382","lawrhensha_0","Lawretta henshaw","Birmingham","West Midlands","B31 1TF","GB","4.01","GBP","--","--","--","--","--","336487562614","10081871569102","Over Neck Book Reading Lamp Light Handsfree LED Flexible USB Rechargeable Light","MPL260085-CB","1","4.85","0","--","--","0%","-0.12","-0.7","-0.02","--","--","--","4.85","GBP","--","--","--"
"12 Jun 2026","Other fee","23-14741-14524","23-14741-14524","woodw_keit","keith woodward","--","--","--","--","-0.64","GBP","--","--","--","--","--","336590897581","--","--","--","--","--","--","--","--","0%","--","--","--","--","--","--","-0.64","GBP","--","FEE-7601994130814_11","Promoted Listings - General fee "
"12 Jun 2026","Order","23-14741-14524","23-14741-14524","woodw_keit","keith woodward","Birmingham","Warwickshire","B37 7LQ","GB","5.02","GBP","--","--","--","--","Funds available within 2 days of order delivery. ","336590897581","10081755986623","Ceramic Repair Paste White Porcelain Sink Crack Tile Bathtub Hole Repair Agent","AsReg14","1","5.94","0","--","--","0%","-0.12","-0.78","-0.02","--","--","--","5.94","GBP","--","--","--"
"12 Jun 2026","Order","22-14742-01391","22-14742-01391","kevdyson","Kevin Dyson","haverhill","Suffolk","cb9 9nq","GB","3.77","GBP","--","--","--","--","--","336615121832","10081798305522","Bulldog Foldback Clips Metal Paper Binder Clips Office Grip Clips Multi Size UK","AsReg164_51","1","4.88","0","--","--","0%","-0.36","-0.73","-0.02","--","--","--","4.88","GBP","--","--","--"
"12 Jun 2026","Payout","--","--","--","--","--","--","--","--","-70","GBP","--","7556786482","WISE PAYMENTS LIMITED *8378","Funds sent","--","--","--","--","--","--","--","--","--","--","0%","--","--","--","--","--","--","-70","GBP","--","Bank reference ID 2JZE1MRRV9JYS65","Seller-initiated payout. Usually arrive in 0-2 working days."
"12 Jun 2026","Other fee","05-14770-26840","05-14770-26840","bosusmario","marion bosustow","--","--","--","--","-0.76","GBP","--","--","--","--","--","336339161386","--","--","--","--","--","--","--","--","0%","--","--","--","--","--","--","-0.76","GBP","--","FEE-7601468707614_11","Promoted Listings - General fee "
"12 Jun 2026","Order","05-14770-26840","05-14770-26840","bosusmario","marion bosustow","helston","Cornwall","tr127dx","GB","3.49","GBP","--","--","--","--","--","336339161386","10081796756805","10pcs Artificial Pampas Grass Fake Reed Flower Bunch Wedding Home Decor Bunch","ZOSh0399_Da","1","4.22","0","--","--","0%","-0.12","-0.6","-0.01","--","--","--","4.22","GBP","--","--","--"
"12 Jun 2026","Order","04-14771-07424","04-14771-07424","123alicesue","Sue Dean","knutsford","Cheshire","WA16 0da","GB","9.58","GBP","--","--","--","--","--","336607223837","10082148200104","Food-Grade Silicone Dog Licking Bowl Rolling Ball Pet Slow Feeder Liquid Snack","AsReg29","2","11.96","0","--","--","0%","-0.48","-1.85","-0.05","--","--","--","11.96","GBP","--","--","--"
"12 Jun 2026","Other fee","25-14736-62386","25-14736-62386","quad49874","Kev Duncan","--","--","--","--","-0.78","GBP","--","--","--","--","--","336334564373","--","--","--","--","--","--","--","--","0%","--","--","--","--","--","--","-0.78","GBP","--","FEE-7601142762014_11","Promoted Listings - General fee "
"12 Jun 2026","Order","25-14736-62386","25-14736-62386","quad49874","Kev Duncan","Sunderland","Tyne and Wear","SR6 9RJ","GB","4.01","GBP","--","--","--","--","--","336334564373","10081370266325","2pcs Oven Mitts Kitchen Gloves Microwave Insulated Heat Resistant Baking Cooking","ZOSh0200_2p-d","1","4.85","0","--","--","0%","-0.12","-0.7","-0.02","--","--","--","4.85","GBP","--","--","--"
"12 Jun 2026","Other fee","09-14762-05153","09-14762-05153","spaceballjim","Jim Harvey","--","--","--","--","-3.4","GBP","--","--","--","--","--","336390830708","--","--","--","--","--","--","--","--","0%","--","--","--","--","--","--","-3.4","GBP","--","FEE-7600596818814_11","Promoted Listings - General fee "
"12 Jun 2026","Order","09-14762-05153","09-14762-05153","spaceballjim","Jim Harvey","Sandy","Bedfordshire","SG193AG","GB","21.03","GBP","--","--","--","--","--","336390830708","10081547922909","SONY  Wireless Bluetooth  Earphones Sleep Wireless Headphones X62 With Mic UK","MPL260002_Bl","1","23.55","0","--","--","0%","-0.48","-1.94","-0.1","--","--","--","23.55","GBP","--","--","--"
"11 Jun 2026","Order","14-14752-96987","14-14752-96987","rache_mendo","Rachel Ellington","Goodyear","AZ","85338-1055","US","11.46","GBP","--","--","--","--","--","336607241897","10082553407214","2Pack W10295²370A EDR1²RXD1 Filter²1 9081 Refrigerator Ice Replacement US NEW","FILTER 1_PA","1","19.99","0","--","1.76","0%","-0.48","-3.31","--","--","--","-0.47","19.99","USD","0.7284","--","--"
"11 Jun 2026","Other fee","24-14751-45506","24-14751-45506","ef790","Pat Fricker","--","--","--","--","-0.59","GBP","--","--","--","--","--","336490648747","--","--","--","--","--","--","--","--","0%","--","--","--","--","--","--","-0.59","GBP","--","FEE-7599912881014_11","Promoted Listings - General fee "
"11 Jun 2026","Order","24-14751-45506","24-14751-45506","ef790","Pat Fricker","Bishops Waltham, Southampton","Hampshire","SO32 1HX","GB","3.05","GBP","--","--","--","--","--","336490648747","10081532677324","5x Disposable Emergency Raincoat Adult Waterproof PONCHO Rain Festivals Hiking","MPL260104-CB","1","3.94","0","--","--","0%","-0.36","-0.52","-0.01","--","--","--","3.94","GBP","--","--","--"
"11 Jun 2026","Order","04-14768-59981","04-14768-59981","boomerut","Arnie Finkleman","Midway","UT","84049","US","11.46","GBP","--","--","--","--","--","336607241897","10082134017704","2Pack W10295²370A EDR1²RXD1 Filter²1 9081 Refrigerator Ice Replacement US NEW","FILTER 1_PA","1","19.99","0","--","1.73","0%","-0.48","-3.31","--","--","--","-0.47","19.99","USD","0.7284","--","--"
"11 Jun 2026","Other fee","16-14748-46180","16-14748-46180","stmc_7784","Steph Mcdd","--","--","--","--","-0.89","GBP","--","--","--","--","--","336499504593","--","--","--","--","--","--","--","--","0%","--","--","--","--","--","--","-0.89","GBP","--","FEE-7599382137214_11","Promoted Listings - General fee "
"11 Jun 2026","Order","16-14748-46180","16-14748-46180","stmc_7784","Steph Mcdd","Melton Mowbray","Leicestershire","LE13 1JJ","GB","3.92","GBP","--","--","--","--","--","336499504593","10082548069316","UV LED Nail Lamp Mini Gel Nail Dryer Portable Nails USB Flash Cure Light UK","MPL260055-CB_Pi","1","4.95","0","--","--","0%","-0.36","-0.65","-0.02","--","--","--","4.95","GBP","--","--","--"
"11 Jun 2026","Other fee","23-14737-15631","23-14737-15631","bigdi-6137","Diane Richards","--","--","--","--","-0.67","GBP","--","--","--","--","--","336334564329","--","--","--","--","--","--","--","--","0%","--","--","--","--","--","--","-0.67","GBP","--","FEE-7599368470114_11","Promoted Listings - General fee "
"11 Jun 2026","Order","23-14737-15631","23-14737-15631","bigdi-6137","Diane Richards","S.o.T.","Staffordshire","ST10 2LY","GB","3.23","GBP","--","--","--","--","--","336334564329","10081733368923","Face Lifting Strap Chin Left Double Chin Cheek Reducer Double Chin Cheek Shaper","MPL260058-CB","1","4.14","0","--","--","0%","-0.36","-0.54","-0.01","--","--","--","4.14","GBP","--","--","--"
"11 Jun 2026","Other fee","02-14771-09743","02-14771-09743","hpm_jsl_0xp9jbxza","Jeffrey Sloane","--","--","--","--","-0.97","GBP","--","--","--","--","--","336514681291","--","--","--","--","--","--","--","--","0%","--","--","--","--","--","--","-0.97","GBP","--","FEE-7598886190014_11","Promoted Listings - General fee "
"11 Jun 2026","Order","02-14771-09743","02-14771-09743","hpm_jsl_0xp9jbxza","Jeffrey Sloane","Helensburgh","Argyll and Bute","G84 7DE","GB","4.31","GBP","--","--","--","--","--","336514681291","10081843439702","Nail File Buffer Set for Manicure Pedicure Double Sided, 7 Way Shape & Shine","ZOSh0484","2","5.4","0","--","--","0%","-0.36","-0.71","-0.02","--","--","--","5.4","GBP","--","--","--"
"11 Jun 2026","Other fee","14-14746-27834","14-14746-27834","woodant","Allan Wootton","--","--","--","--","-1.45","GBP","--","--","--","--","--","336394063584","--","--","--","--","--","--","--","--","0%","--","--","--","--","--","--","-1.45","GBP","--","FEE-7598707392614_11","Promoted Listings - General fee "
"11 Jun 2026","Order","06-14762-95194","06-14762-95194","lina5660","LINA SIMEONE","HITCHIN","Hertfordshire","SG5 4JX","GB","4.74","GBP","--","--","--","--","--","336480580717","10082443833906","360° Car Phone Holder Universal Mount Dashboard Windshield Air Vent Mobile","MPL260106-CB","1","5.8","0","--","--","0%","-0.36","-0.68","-0.02","--","--","--","5.8","GBP","--","--","--"
"11 Jun 2026","Other fee","18-14742-67413","18-14742-67413","zakariam123","Zakaria Mimouni","--","--","--","--","-0.78","GBP","--","--","--","--","--","336334564373","--","--","--","--","--","--","--","--","0%","--","--","--","--","--","--","-0.78","GBP","--","FEE-7597559673614_11","Promoted Listings - General fee "
"11 Jun 2026","Order","18-14742-67413","18-14742-67413","zakariam123","Zakaria Mimouni","London","London","N1 7SP","GB","4.01","GBP","--","--","--","--","--","336334564373","10085534425018","2pcs Oven Mitts Kitchen Gloves Microwave Insulated Heat Resistant Baking Cooking","ZOSh0200_2p-d","1","4.85","0","--","--","0%","-0.12","-0.7","-0.02","--","--","--","4.85","GBP","--","--","--"
"11 Jun 2026","Hold","11-14646-51097","11-14646-51097","de_2680","Christopher Dean","Peterborough","Peterborough","PE2 8JH","GB","20.96","GBP","--","--","--","--","--","336542415195","10082007467811","UK Plug 3pin Adapter WiFi Smart Socket Voice Control With Energy Monitoring Time","--","2","20.96","--","--","--","0%","--","--","--","--","--","--","20.96","GBP","--","Return ID 5320816962","Hold released"
"11 Jun 2026","Other fee","11-14646-51097","11-14646-51097","de_2680","Christopher Dean","--","--","--","--","3.02","GBP","--","--","--","--","--","336542415195","--","--","--","--","--","--","--","--","0%","--","--","--","--","--","--","3.02","GBP","--","FEE-5845293376_42","Promoted Listings - General fee "
"11 Jun 2026","Refund","11-14646-51097","11-14646-51097","de_2680","Christopher Dean","Peterborough","Peterborough","PE2 8JH","GB","-17.89","GBP","--","--","--","--","--","--","--","UK Plug 3pin Adapter WiFi Smart Socket Voice Control With Energy Monitoring Time","MPL260080-CB","--","--","--","--","--","0%","--","2.99","0.08","--","--","--","-20.96","GBP","--","Return ID 5320816962","--"
"10 Jun 2026","Other fee","26-14728-29266","26-14728-29266","bretupex","BRET UPEX","--","--","--","--","-0.78","GBP","--","--","--","--","--","336334564373","--","--","--","--","--","--","--","--","0%","--","--","--","--","--","--","-0.78","GBP","--","FEE-7596774609514_11","Promoted Listings - General fee "
"10 Jun 2026","Order","26-14728-29266","26-14728-29266","bretupex","BRET UPEX","Darlington","Durham","DL3 6LH","GB","4.01","GBP","--","--","--","--","--","336334564373","10081327439526","2pcs Oven Mitts Kitchen Gloves Microwave Insulated Heat Resistant Baking Cooking","ZOSh0200_2p-d","1","4.85","0","--","--","0%","-0.12","-0.7","-0.02","--","--","--","4.85","GBP","--","--","--"
"10 Jun 2026","Other fee","27-14726-17218","27-14726-17218","nellway","Nigel Ellway","--","--","--","--","-0.68","GBP","--","--","--","--","--","336334564404","--","--","--","--","--","--","--","--","0%","--","--","--","--","--","--","-0.68","GBP","--","FEE-7596307735114_11","Promoted Listings - General fee "
"10 Jun 2026","Order","27-14726-17218","27-14726-17218","nellway","Nigel Ellway","London","London","SE19 1LR","GB","3.27","GBP","--","--","--","--","--","336334564404","10085677468327","Wrist Wallet Pouch Band Zipper Running Jym Lightweight Sports Phone Bag Pouch","MPL260060-CB_Bl","1","4.24","0","--","--","0%","-0.36","-0.6","-0.01","--","--","--","4.24","GBP","--","--","--"
"10 Jun 2026","Order","14-14746-27834","14-14746-27834","woodant","Allan Wootton","Chichester","West Sussex","PO19 6RW","GB","6.97","GBP","--","--","--","--","--","336394063584","10082515513914","S925 Sterling Silver Pendant Design Necklace with One Carat Moissanite for Women","MPL260001-CB","1","8.98","0","--","--","0%","-0.36","-1.61","-0.04","--","--","--","8.98","GBP","--","--","--"
"9 Jun 2026","Other fee","24-14741-71630","24-14741-71630","portmanly89","alan hillier","--","--","--","--","-2.68","GBP","--","--","--","--","--","336375973242","--","--","--","--","--","--","--","--","0%","--","--","--","--","--","--","-2.68","GBP","--","FEE-7593975289714_11","Promoted Listings - General fee "
"9 Jun 2026","Order","24-14741-71630","24-14741-71630","portmanly89","alan hillier","Swadlincote","Derbyshire","DE11 0TQ","GB","12.54","GBP","--","--","--","--","--","336375973242","10081477691024","1pc Clothes Drying Rack Wall Mounted Adjustable Angle Collapsible Coat Hanger","MPL260011-CB_Wh","2","14.84","0","--","--","0%","-0.12","-2.12","-0.06","--","--","--","14.84","GBP","--","--","--"
"9 Jun 2026","Hold","02-14670-69818","02-14670-69818","helbil2","Helen Holman","Brownstown","IL","62418-4494","US","15.99","GBP","--","--","--","--","--","336589407264","10081267196702","NEW 2PACK W10413²645A EDR2²RXD1 Filter 2 9082 Refrigerator Ice Replacement USA","--","1","23.58","--","--","--","0%","--","--","--","--","--","--","21.99","USD","0.72704","Return ID 5321469516","Hold released"
"9 Jun 2026","Other fee","08-14751-18680","08-14751-18680","magicgaz","Gary Fry","--","--","--","--","-0.42","GBP","--","--","--","--","--","336334564345","--","--","--","--","--","--","--","--","0%","--","--","--","--","--","--","-0.42","GBP","--","FEE-7593246288614_11","Promoted Listings - General fee "
"9 Jun 2026","Order","08-14751-18680","08-14751-18680","magicgaz","Gary Fry","Bradford","West Yorkshire","BD62AW","GB","3.05","GBP","--","--","--","--","--","336334564345","10081549725708","3x Mini Plastic Spray Bottles Perfume Bottle Travel  Makeup Water Refillable","MPL260061-CB_La","1","3.94","0","--","--","0%","-0.36","-0.52","-0.01","--","--","--","3.94","GBP","--","--","--"
"9 Jun 2026","Other fee","20-14731-97651","20-14731-97651","b5rbe","barbara bowles","--","--","--","--","-0.59","GBP","--","--","--","--","--","336490648747","--","--","--","--","--","--","--","--","0%","--","--","--","--","--","--","-0.59","GBP","--","FEE-7593215955214_11","Promoted Listings - General fee "
"9 Jun 2026","Order","20-14731-97651","20-14731-97651","b5rbe","barbara bowles","gorleston","Norfolk","nr316jy","GB","3.05","GBP","--","--","--","--","--","336490648747","10081465815220","5x Disposable Emergency Raincoat Adult Waterproof PONCHO Rain Festivals Hiking","MPL260104-CB","1","3.94","0","--","--","0%","-0.36","-0.52","-0.01","--","--","--","3.94","GBP","--","--","--"
"9 Jun 2026","Other fee","06-14754-75245","06-14754-75245","steve.chapman2012","Stephen Chapman","--","--","--","--","-0.54","GBP","--","--","--","--","--","336537045310","--","--","--","--","--","--","--","--","0%","--","--","--","--","--","--","-0.54","GBP","--","FEE-7593126236914_11","Promoted Listings - General fee "
"9 Jun 2026","Order","06-14754-75245","06-14754-75245","steve.chapman2012","Stephen Chapman","Hull","East Riding of Yorkshire","HU7 6DS","GB","2.94","GBP","--","--","--","--","--","336537045310","10082397440406","Universal UK Plug 3 Pin Wall Charger Adapter with 1/2 USB Ports for Phones","AsCaB0150_2","1","3.75","0","--","--","0%","-0.36","-0.44","-0.01","--","--","--","3.75","GBP","--","--","--"
"9 Jun 2026","Other fee","17-14736-40148","17-14736-40148","wanatraders","Kifayat Ullah","--","--","--","--","-2.68","GBP","--","--","--","--","--","336375973242","--","--","--","--","--","--","--","--","0%","--","--","--","--","--","--","-2.68","GBP","--","FEE-7592896397014_11","Promoted Listings - General fee "
"9 Jun 2026","Order","17-14736-40148","17-14736-40148","wanatraders","Kifayat Ullah","Glasgow","Glasgow","G41 2SZ","GB","12.54","GBP","--","--","--","--","--","336375973242","10082486345717","1pc Clothes Drying Rack Wall Mounted Adjustable Angle Collapsible Coat Hanger","MPL260011-CB_Bl","2","14.84","0","--","--","0%","-0.12","-2.12","-0.06","--","--","--","14.84","GBP","--","--","--"
"9 Jun 2026","Other fee","03-14659-79196","03-14659-79196","baldynig","NIGEL CLARK","--","--","--","--","1.42","GBP","--","--","--","--","--","336375973242","--","--","--","--","--","--","--","--","0%","--","--","--","--","--","--","1.42","GBP","--","FEE-5380784641--8067457289734437350_42","Promoted Listings - General fee "
"9 Jun 2026","Claim","03-14659-79196","03-14659-79196","baldynig","NIGEL CLARK","Chatham","Kent","ME4 5DG","GB","-6.69","GBP","--","--","--","--","--","--","--","1pc Clothes Drying Rack Wall Mounted Adjustable Angle Collapsible Coat Hanger","--","--","--","--","--","--","0%","--","1.13","0.04","--","--","--","-7.86","GBP","--","Request ID 5380784641","--"
"9 Jun 2026","Other fee","22-14728-11657","22-14728-11657","gayno-3","Gaynor Mills","--","--","--","--","-0.59","GBP","--","--","--","--","--","336490648747","--","--","--","--","--","--","--","--","0%","--","--","--","--","--","--","-0.59","GBP","--","FEE-7592501439314_11","Promoted Listings - General fee "
"9 Jun 2026","Order","22-14728-11657","22-14728-11657","gayno-3","Gaynor Mills","Crewe","Cheshire","CW2 7SW","GB","3.05","GBP","--","--","--","--","--","336490648747","10081719962522","5x Disposable Emergency Raincoat Adult Waterproof PONCHO Rain Festivals Hiking","MPL260104-CB","1","3.94","0","--","--","0%","-0.36","-0.52","-0.01","--","--","--","3.94","GBP","--","--","--"
"8 Jun 2026","Other fee","15-14737-66964","15-14737-66964","marggar_28","Margarita Garcia","--","--","--","--","-0.76","GBP","--","--","--","--","--","336339161386","--","--","--","--","--","--","--","--","0%","--","--","--","--","--","--","-0.76","GBP","--","FEE-7591316319314_11","Promoted Listings - General fee "
"8 Jun 2026","Order","15-14737-66964","15-14737-66964","marggar_28","Margarita Garcia","Sutton in Ashfield","Nottinghamshire","NG17 3DE","GB","3.49","GBP","--","--","--","--","--","336339161386","10082481046015","10pcs Artificial Pampas Grass Fake Reed Flower Bunch Wedding Home Decor Bunch","ZOSh0399_Mi","1","4.22","0","--","--","0%","-0.12","-0.6","-0.01","--","--","--","4.22","GBP","--","--","--"
"8 Jun 2026","Other fee","25-14720-74765","25-14720-74765","junwither_0","june withers","--","--","--","--","-0.74","GBP","--","--","--","--","--","336518253095","--","--","--","--","--","--","--","--","0%","--","--","--","--","--","--","-0.74","GBP","--","FEE-7590923803014_11","Promoted Listings - General fee "
"8 Jun 2026","Order","25-14720-74765","25-14720-74765","junwither_0","june withers","Pontypool","Torfaen","NP4 5FH","GB","4.13","GBP","--","--","--","--","--","336518253095","10081280313925","High Quality Reusable Silicone Decollete Anti Wrinkle Chest Pad UK","ZOSh0486","1","5.18","0","--","--","0%","-0.36","-0.67","-0.02","--","--","--","5.18","GBP","--","--","--"
"8 Jun 2026","Other fee","11-14742-97856","11-14742-97856","iaclark330","ian clarke","--","--","--","--","-1.4","GBP","--","--","--","--","--","336375973242","--","--","--","--","--","--","--","--","0%","--","--","--","--","--","--","-1.4","GBP","--","FEE-7590856974514_11","Promoted Listings - General fee "
"8 Jun 2026","Order","11-14742-97856","11-14742-97856","iaclark330","ian clarke","wrexham","Wrexham","LL144DZ","GB","6.53","GBP","--","--","--","--","--","336375973242","10082560793511","1pc Clothes Drying Rack Wall Mounted Adjustable Angle Collapsible Coat Hanger","MPL260011-CB_Gr","1","7.81","0","--","--","0%","-0.12","-1.12","-0.04","--","--","--","7.81","GBP","--","--","--"
"8 Jun 2026","Other fee","16-14734-23006","16-14734-23006","diane9545","diane hadland","--","--","--","--","-0.59","GBP","--","--","--","--","--","336490648747","--","--","--","--","--","--","--","--","0%","--","--","--","--","--","--","-0.59","GBP","--","FEE-7590515899014_11","Promoted Listings - General fee "
"8 Jun 2026","Order","16-14734-23006","16-14734-23006","diane9545","diane hadland","WARRINGTON","Cheshire","wa13lt","GB","3.05","GBP","--","--","--","--","--","336490648747","10082467328416","5x Disposable Emergency Raincoat Adult Waterproof PONCHO Rain Festivals Hiking","MPL260104-CB","1","3.94","0","--","--","0%","-0.36","-0.52","-0.01","--","--","--","3.94","GBP","--","--","--"
"8 Jun 2026","Other fee","12-14740-48652","12-14740-48652","s8son","carey roest","--","--","--","--","-0.47","GBP","--","--","--","--","--","336334564516","--","--","--","--","--","--","--","--","0%","--","--","--","--","--","--","-0.47","GBP","--","FEE-7590424402314_11","Promoted Listings - General fee "
"8 Jun 2026","Other fee","12-14740-48652","12-14740-48652","s8son","carey roest","--","--","--","--","-0.47","GBP","--","--","--","--","--","336334564516","--","--","--","--","--","--","--","--","0%","--","--","--","--","--","--","-0.47","GBP","--","FEE-7590424377614_11","Promoted Listings - General fee "
"8 Jun 2026","Order","12-14740-48652","12-14740-48652","s8son","carey roest","twickenham","London","TW1 2LY","GB","7.34","GBP","--","--","--","--","--","--","--","--","--","--","--","--","--","--","0%","--","--","--","--","--","--","9.16","GBP","--","--","--"
"8 Jun 2026","Order","12-14740-48652","12-14740-48652","s8son","carey roest","twickenham","London","TW1 2LY","GB","--","--","--","--","--","--","--","336334564516","10082520141812","1/5 PCS Cable Ties Silicone Fabric Clips Set  Sewing Magnetic Binding Huggers UK","ZOSh0210_Gr-d","1","4.58","0","--","--","0%","-0.36","-0.71","-0.02","--","--","--","--","--","--","--","--"
"8 Jun 2026","Order","12-14740-48652","12-14740-48652","s8son","carey roest","twickenham","London","TW1 2LY","GB","--","--","--","--","--","--","--","336334564516","10082520141912","1/5 PCS Cable Ties Silicone Fabric Clips Set  Sewing Magnetic Binding Huggers UK","ZOSh0210_GN-g","1","4.58","0","--","--","0%","--","-0.71","-0.02","--","--","--","--","--","--","--","--"
"8 Jun 2026","Other fee","15-14735-34932","15-14735-34932","cc_sco_6","Carleth Acosta","--","--","--","--","-0.97","GBP","--","--","--","--","--","336514681291","--","--","--","--","--","--","--","--","0%","--","--","--","--","--","--","-0.97","GBP","--","FEE-7590360213614_11","Promoted Listings - General fee "
"8 Jun 2026","Order","15-14735-34932","15-14735-34932","cc_sco_6","Carleth Acosta","Newbury","Berkshire","RG14 2EN","GB","4.31","GBP","--","--","--","--","--","336514681291","10082468019715","Nail File Buffer Set for Manicure Pedicure Double Sided, 7 Way Shape & Shine","ZOSh0484","2","5.4","0","--","--","0%","-0.36","-0.71","-0.02","--","--","--","5.4","GBP","--","--","--"
"8 Jun 2026","Other fee","03-14754-50919","03-14754-50919","zah_1944","zahoor khan","--","--","--","--","-0.58","GBP","--","--","--","--","--","336508704674","--","--","--","--","--","--","--","--","0%","--","--","--","--","--","--","-0.58","GBP","--","FEE-7590169680414_11","Promoted Listings - General fee "
"8 Jun 2026","Order","03-14754-50919","03-14754-50919","zah_1944","zahoor khan","Newport","Gwent","Np19 4NH","GB","3.07","GBP","--","--","--","--","--","336508704674","10082356472703","V Line Face Lifting Mask Chin Strap Slimming Band Sleep Face Shaper UK","ZOSh0475_Bl","1","3.96","0","--","--","0%","-0.36","-0.52","-0.01","--","--","--","3.96","GBP","--","--","--"
"8 Jun 2026","Other fee","04-14752-18853","04-14752-18853","qwerty1010","Stephen Guilliatt","--","--","--","--","-0.59","GBP","--","--","--","--","--","336490648747","--","--","--","--","--","--","--","--","0%","--","--","--","--","--","--","-0.59","GBP","--","FEE-7589616248614_11","Promoted Listings - General fee "
"8 Jun 2026","Order","04-14752-18853","04-14752-18853","qwerty1010","Stephen Guilliatt","Barton","Lincolnshire","DN18 5BS","GB","3.05","GBP","--","--","--","--","--","336490648747","10082040802804","5x Disposable Emergency Raincoat Adult Waterproof PONCHO Rain Festivals Hiking","MPL260104-CB","1","3.94","0","--","--","0%","-0.36","-0.52","-0.01","--","--","--","3.94","GBP","--","--","--"
"8 Jun 2026","Other fee","25-14718-12197","25-14718-12197","mrlterry76","Lee Terry","--","--","--","--","-0.8","GBP","--","--","--","--","--","336334564345","--","--","--","--","--","--","--","--","0%","--","--","--","--","--","--","-0.8","GBP","--","FEE-7589527638414_11","Promoted Listings - General fee "
"8 Jun 2026","Other fee","02-14755-60554","02-14755-60554","mrlterry76","Lee Terry","--","--","--","--","-0.74","GBP","--","--","--","--","--","336334564345","--","--","--","--","--","--","--","--","0%","--","--","--","--","--","--","-0.74","GBP","--","FEE-7589526592514_11","Promoted Listings - General fee "
"8 Jun 2026","Order","25-14718-12197","25-14718-12197","mrlterry76","Lee Terry","Bromley","Kent","Br1 2dj","GB","6.1","GBP","--","--","--","--","--","336334564345","10081265682925","3x Mini Plastic Spray Bottles Perfume Bottle Travel  Makeup Water Refillable","MPL260061-CB_La","2","7.48","0","--","--","0%","-0.36","-0.98","-0.04","--","--","--","7.48","GBP","--","--","--"
"8 Jun 2026","Order","02-14755-60554","02-14755-60554","mrlterry76","Lee Terry","Bromley","Kent","Br1 2dj","GB","5.64","GBP","--","--","--","--","--","336334564345","10081755652802","3x Mini Plastic Spray Bottles Perfume Bottle Travel  Makeup Water Refillable","MPL260061-CB_Me","2","6.92","0","--","--","0%","-0.36","-0.9","-0.02","--","--","--","6.92","GBP","--","--","--"
"8 Jun 2026","Hold","02-14670-69818","02-14670-69818","helbil2","Helen Holman","Brownstown","IL","62418-4494","US","-15.99","GBP","--","--","--","--","--","336589407264","10081267196702","NEW 2PACK W10413²645A EDR2²RXD1 Filter 2 9082 Refrigerator Ice Replacement USA","--","1","23.58","--","--","--","0%","--","--","--","--","--","--","-21.99","USD","0.72704","Return ID 5321469516","Hold placed"
"7 Jun 2026","Other fee","26-14714-60654","26-14714-60654","peltas","susan cowley","--","--","--","--","-0.14","GBP","--","--","--","--","--","336497544256","--","--","--","--","--","--","--","--","0%","--","--","--","--","--","--","-0.14","GBP","--","FEE-7588754456614_11","Promoted Listings - General fee "
"7 Jun 2026","Order","26-14714-60654","26-14714-60654","peltas","susan cowley","tonypandy","Rhondda Cynon Taff","CF402QN","GB","4.82","GBP","--","--","--","--","--","336497544256","10081249917626","1pc Urinal Bottle Male Female Urine Wee She Funnel Travel Camping Toilet Portabl","ZOSh0464","1","5.98","0","--","--","0%","-0.36","-0.78","-0.02","--","--","--","5.98","GBP","--","--","--"
"7 Jun 2026","Other fee","24-14732-52848","24-14732-52848","muckyneighbour","geraint ashley","--","--","--","--","-0.88","GBP","--","--","--","--","--","336487562614","--","--","--","--","--","--","--","--","0%","--","--","--","--","--","--","-0.88","GBP","--","FEE-7588672003614_11","Promoted Listings - General fee "
"7 Jun 2026","Order","24-14732-52848","24-14732-52848","muckyneighbour","geraint ashley","pentre","Rhondda Cynon Taff","cf41 7ex","GB","4.01","GBP","--","--","--","--","--","336487562614","10081425456424","Over Neck Book Reading Lamp Light Handsfree LED Flexible USB Rechargeable Light","MPL260085-CB","1","4.85","0","--","--","0%","-0.12","-0.7","-0.02","--","--","--","4.85","GBP","--","--","--"
"7 Jun 2026","Other fee","11-14737-95830","11-14737-95830","cardiffboy","Neil Watts","--","--","--","--","-0.88","GBP","--","--","--","--","--","336487562614","--","--","--","--","--","--","--","--","0%","--","--","--","--","--","--","-0.88","GBP","--","FEE-7588419400214_11","Promoted Listings - General fee "
"7 Jun 2026","Order","11-14737-95830","11-14737-95830","cardiffboy","Neil Watts","Cardiff","Cardiff","CF11 7EG","GB","4.01","GBP","--","--","--","--","--","336487562614","10082531941211","Over Neck Book Reading Lamp Light Handsfree LED Flexible USB Rechargeable Light","MPL260085-CB","1","4.85","0","--","--","0%","-0.12","-0.7","-0.02","--","--","--","4.85","GBP","--","--","--"
"7 Jun 2026","Payout","--","--","--","--","--","--","--","--","-100","GBP","--","7548357034","WISE PAYMENTS LIMITED *8378","Funds sent","--","--","--","--","--","--","--","--","--","--","0%","--","--","--","--","--","--","-100","GBP","--","Bank reference ID ZUW0HDQRYAA3B6E","Seller-initiated payout. Usually arrive in 0-2 working days."
"7 Jun 2026","Other fee","23-14717-75905","23-14717-75905","stevespondon","steve proudlove","--","--","--","--","-0.14","GBP","--","--","--","--","--","336497544256","--","--","--","--","--","--","--","--","0%","--","--","--","--","--","--","-0.14","GBP","--","FEE-7587417901614_11","Promoted Listings - General fee "
"7 Jun 2026","Order","23-14717-75905","23-14717-75905","stevespondon","steve proudlove","blackpool","Lancashire","fy14ej","GB","4.82","GBP","--","--","--","--","--","336497544256","10081622925523","1pc Urinal Bottle Male Female Urine Wee She Funnel Travel Camping Toilet Portabl","ZOSh0464","1","5.98","0","--","--","0%","-0.36","-0.78","-0.02","--","--","--","5.98","GBP","--","--","--"
"6 Jun 2026","Other fee","12-14733-85508","12-14733-85508","ernblay-39","ERNEST BLAYLOCK","--","--","--","--","-1.26","GBP","--","--","--","--","--","336334561286","--","--","--","--","--","--","--","--","0%","--","--","--","--","--","--","-1.26","GBP","--","FEE-7586294452514_11","Promoted Listings - General fee "
"6 Jun 2026","Order","12-14733-85508","12-14733-85508","ernblay-39","ERNEST BLAYLOCK","Carlisle","Cumbria","CA2 4QL","GB","5.84","GBP","--","--","--","--","--","336334561286","10082481432412","1pc Heavy Duty Clothes Washing Line Core Strong Wire Rope Laundry Dryer Garden","ZOSh0307","1","6.98","0","--","--","0%","-0.12","-1","-0.02","--","--","--","6.98","GBP","--","--","--"
"6 Jun 2026","Other fee","06-14743-70403","06-14743-70403","donnbradsha-6","Donna Bradshaw","--","--","--","--","-0.89","GBP","--","--","--","--","--","336499504593","--","--","--","--","--","--","--","--","0%","--","--","--","--","--","--","-0.89","GBP","--","FEE-7586260168114_11","Promoted Listings - General fee "
"6 Jun 2026","Order","06-14743-70403","06-14743-70403","donnbradsha-6","Donna Bradshaw","Dudley","West Midlands","DY3 2PH","GB","3.92","GBP","--","--","--","--","--","336499504593","10082333449006","UV LED Nail Lamp Mini Gel Nail Dryer Portable Nails USB Flash Cure Light UK","MPL260055-CB_Pi","1","4.95","0","--","--","0%","-0.36","-0.65","-0.02","--","--","--","4.95","GBP","--","--","--"
"6 Jun 2026","Other fee","24-14728-74608","24-14728-74608","mdr9968","mark rawe","--","--","--","--","-0.52","GBP","--","--","--","--","--","336514681291","--","--","--","--","--","--","--","--","0%","--","--","--","--","--","--","-0.52","GBP","--","FEE-7586010819714_11","Promoted Listings - General fee "
"6 Jun 2026","Order","24-14728-74608","24-14728-74608","mdr9968","mark rawe","tilbury","Essex","RM188HH","GB","2.1","GBP","--","--","--","--","--","336514681291","10081403103124","Nail File Buffer Set for Manicure Pedicure Double Sided, 7 Way Shape & Shine","ZOSh0484","1","2.84","0","--","--","0%","-0.36","-0.37","-0.01","--","--","--","2.84","GBP","--","--","--"
"6 Jun 2026","Other fee","18-14722-61714","18-14722-61714","flashgordon100","criag gordon","--","--","--","--","-0.42","GBP","--","--","--","--","--","336334564345","--","--","--","--","--","--","--","--","0%","--","--","--","--","--","--","-0.42","GBP","--","FEE-7585546979314_11","Promoted Listings - General fee "
"6 Jun 2026","Order","18-14722-61714","18-14722-61714","flashgordon100","criag gordon","ellesmere port","Merseyside","ch659eu","GB","3.05","GBP","--","--","--","--","--","336334564345","10085419712518","3x Mini Plastic Spray Bottles Perfume Bottle Travel  Makeup Water Refillable","MPL260061-CB_La","1","3.94","0","--","--","0%","-0.36","-0.52","-0.01","--","--","--","3.94","GBP","--","--","--"
"6 Jun 2026","Other fee","08-14737-74939","08-14737-74939","pmrrober_h2kzm2","Peter Roberts","--","--","--","--","-1.09","GBP","--","--","--","--","--","336334564384","--","--","--","--","--","--","--","--","0%","--","--","--","--","--","--","-1.09","GBP","--","FEE-7585069069114_11","Promoted Listings - General fee "
"6 Jun 2026","Order","08-14737-74939","08-14737-74939","pmrrober_h2kzm2","Peter Roberts","Penybryn, Cardigan","Dyfed","SA43 2RX","GB","5.04","GBP","--","--","--","--","--","336334564384","10081472024608","1x Stainless Steel Barn Door Lock Sliding Gate Latch Flip Privacy Lock For Home","ZOSh0309","2","6.04","0","--","--","0%","-0.12","-0.86","-0.02","--","--","--","6.04","GBP","--","--","--"
"5 Jun 2026","Other fee","12-14729-86028","12-14729-86028","joajoh_6180","Joanne Johnson","--","--","--","--","-0.7","GBP","--","--","--","--","--","336578236355","--","--","--","--","--","--","--","--","0%","--","--","--","--","--","--","-0.7","GBP","--","FEE-7583709461714_11","Promoted Listings - General fee "
"5 Jun 2026","Order","12-14729-86028","12-14729-86028","joajoh_6180","Joanne Johnson","Newcastle upon Tyne","--","NE49TE","GB","5.22","GBP","--","--","--","--","--","336578236355","10082458469712","Resistance Bands for Full Body Workout Portable Exercise Yoga Rope Fitness UK","AsReg2","1","6.44","0","--","--","7%","-0.36","-0.84","-0.02","--","--","--","6.44","GBP","--","--","--"
"5 Jun 2026","Other fee","10-14732-66239","10-14732-66239","lea_9129","Leanne Brinn","--","--","--","--","-0.79","GBP","--","--","--","--","--","336454376287","--","--","--","--","--","--","--","--","0%","--","--","--","--","--","--","-0.79","GBP","--","FEE-7583566348614_11","Promoted Listings - General fee "
"5 Jun 2026","Order","10-14732-66239","10-14732-66239","lea_9129","Leanne Brinn","Pembroke Dock, Pennar","Dyfed","SA72 6RE","GB","5.98","GBP","--","--","--","--","--","336454376287","10082442235610","7 Color Liquid Foundation Waterproof Concealer Korean Makeup Base Long Lasting","MPL260020-CB_Co2","1","7.34","0","--","--","0%","-0.36","-0.96","-0.04","--","--","--","7.34","GBP","--","--","--"
"5 Jun 2026","Postage label","11-14646-51097","11-14646-51097","de_2680","Christopher Dean","--","--","--","--","-3.06","GBP","--","--","--","--","--","--","--","--","--","--","--","--","--","--","0%","--","--","--","--","--","--","-3.06","GBP","--","Return ID 5320816962","Return postage label"
"5 Jun 2026","Other fee","16-14680-05911","16-14680-05911","quailbutt","Tom Raven","--","--","--","--","0.32","GBP","--","--","--","--","--","336334564373","--","--","--","--","--","--","--","--","0%","--","--","--","--","--","--","0.32","GBP","--","FEE-5843992899_42","Promoted Listings - General fee "
"5 Jun 2026","Refund","16-14680-05911","16-14680-05911","quailbutt","Tom Raven","gosport","Hampshire","po121nh","GB","-1.7","GBP","--","--","--","--","--","--","--","2pcs Oven Mitts Kitchen Gloves Microwave Insulated Heat Resistant Baking Cooking","ZOSh0200_2p-c","--","--","--","--","--","0%","--","0.29","0.01","--","--","--","-2","GBP","--","Return ID 5321216926","--"
"5 Jun 2026","Other fee","16-14721-58918","16-14721-58918","tracey6443","TRACEY HOARE","--","--","--","--","-0.65","GBP","--","--","--","--","--","336590897581","--","--","--","--","--","--","--","--","0%","--","--","--","--","--","--","-0.65","GBP","--","FEE-7582801319614_11","Promoted Listings - General fee "
"5 Jun 2026","Order","16-14721-58918","16-14721-58918","tracey6443","TRACEY HOARE","Colyton","Devon","EX246PP","GB","5.03","GBP","--","--","--","--","Funds available within 2 days of order delivery. ","336590897581","10082394247216","Ceramic Repair Paste White Porcelain Sink Crack Tile Bathtub Hole Repair Agent","AsReg14","1","5.95","0","--","--","0%","-0.12","-0.78","-0.02","--","--","--","5.95","GBP","--","--","--"
"5 Jun 2026","Other fee","26-14690-28641","26-14690-28641","zanzibarjones699","Phil Jackson","--","--","--","--","1.08","GBP","--","--","--","--","--","336584652696","--","--","--","--","--","--","--","--","0%","--","--","--","--","--","--","1.08","GBP","--","FEE-10397597460_42","Promoted Listings - General fee "
"5 Jun 2026","Refund","26-14690-28641","26-14690-28641","zanzibarjones699","Phil Jackson","London","London","N17 6AX","GB","-8.37","GBP","--","--","--","--","--","--","--","Long Handled Dustpan and Brush Set Strong Metal Cleaning Lightweight Home Uk","AsReg101_Ye","--","--","--","--","--","0%","0.12","1.43","0.04","--","--","--","-9.96","GBP","--","Cancellation ID 5442233083","--"
"5 Jun 2026","Claim","24-14583-09565","24-14583-09565","bigchunks","Ian Cosham","Shoreham by Sea","West Sussex","BN43 6TP","GB","-7.98","GBP","--","--","--","--","--","--","--","1pc Urinal Bottle Male Female Urine Wee She Funnel Travel Camping Toilet Portabl","--","--","--","--","--","--","0%","--","--","--","--","--","--","-7.98","GBP","--","Case ID 5380375445","--"
"4 Jun 2026","Other fee","07-14732-33063","07-14732-33063","maswi_7990","Maria Swistak","--","--","--","--","-0.89","GBP","--","--","--","--","--","336499504593","--","--","--","--","--","--","--","--","0%","--","--","--","--","--","--","-0.89","GBP","--","FEE-7580586371514_11","Promoted Listings - General fee "
"4 Jun 2026","Order","07-14732-33063","07-14732-33063","maswi_7990","Maria Swistak","Birmingham","West Midlands","B16 0ER","GB","3.93","GBP","--","--","--","--","--","336499504593","10086476986607","UV LED Nail Lamp Mini Gel Nail Dryer Portable Nails USB Flash Cure Light UK","MPL260055-CB_Wh","1","4.96","0","--","--","0%","-0.36","-0.65","-0.02","--","--","--","4.96","GBP","--","--","--"
"4 Jun 2026","Other fee","21-14708-59465","21-14708-59465","katdav-8502","J Lewis","--","--","--","--","-0.88","GBP","--","--","--","--","--","336334564348","--","--","--","--","--","--","--","--","0%","--","--","--","--","--","--","-0.88","GBP","--","FEE-7580188940114_11","Promoted Listings - General fee "
"4 Jun 2026","Order","21-14708-59465","21-14708-59465","katdav-8502","J Lewis","Port Talbot","--","SA13 1UB","GB","4","GBP","--","--","--","--","--","336334564348","10086518046421","Stainless-Steel Long Tweezer Tong 25cm Tip Multi-purpose Cooking Kitchen Tool","MPL260048-CB","1","4.84","0","--","--","0%","-0.12","-0.7","-0.02","--","--","--","4.84","GBP","--","--","--"
"4 Jun 2026","Other fee","07-14731-29992","07-14731-29992","mide.uk.ktwuxpfdh","Deb Millward","--","--","--","--","-0.37","GBP","--","--","--","--","--","336334564345","--","--","--","--","--","--","--","--","0%","--","--","--","--","--","--","-0.37","GBP","--","FEE-7579905310514_11","Promoted Listings - General fee "
"4 Jun 2026","Order","07-14731-29992","07-14731-29992","mide.uk.ktwuxpfdh","Deb Millward","Stoke on Trent","Staffordshire","St3 7yz","GB","2.62","GBP","--","--","--","--","--","336334564345","10086471229007","3x Mini Plastic Spray Bottles Perfume Bottle Travel  Makeup Water Refillable","MPL260061-CB_Sm","1","3.45","0","--","--","0%","-0.36","-0.46","-0.01","--","--","--","3.45","GBP","--","--","--"
"4 Jun 2026","Other fee","06-14732-69901","06-14732-69901","alihin9783","Alison Walsh","--","--","--","--","-0.59","GBP","--","--","--","--","--","336490648747","--","--","--","--","--","--","--","--","0%","--","--","--","--","--","--","-0.59","GBP","--","FEE-7579599900614_11","Promoted Listings - General fee "
"4 Jun 2026","Order","06-14732-69901","06-14732-69901","alihin9783","Alison Walsh","Million Keynes","--","MK6 2RJ","GB","3.06","GBP","--","--","--","--","--","336490648747","10082270869506","5x Disposable Emergency Raincoat Adult Waterproof PONCHO Rain Festivals Hiking","MPL260104-CB","1","3.95","0","--","--","0%","-0.36","-0.52","-0.01","--","--","--","3.95","GBP","--","--","--"
"3 Jun 2026","Other fee","23-14703-54809","23-14703-54809","liberg-2313","Peter McCulloch","--","--","--","--","-0.65","GBP","--","--","--","--","--","336590897581","--","--","--","--","--","--","--","--","0%","--","--","--","--","--","--","-0.65","GBP","--","FEE-7578389294014_11","Promoted Listings - General fee "
"3 Jun 2026","Order","23-14703-54809","23-14703-54809","liberg-2313","Peter McCulloch","CANTERBURY","Kent","CT1 2AP","GB","5.03","GBP","--","--","--","--","Funds available within 2 days of order delivery. ","336590897581","10081541569923","Ceramic Repair Paste White Porcelain Sink Crack Tile Bathtub Hole Repair Agent","AsReg14","1","5.95","0","--","--","0%","-0.12","-0.78","-0.02","--","--","--","5.95","GBP","--","--","--"
"3 Jun 2026","Other fee","22-14704-49208","22-14704-49208","1274_burton","carol ann burton","--","--","--","--","-1.43","GBP","--","--","--","--","--","336497544256","--","--","--","--","--","--","--","--","0%","--","--","--","--","--","--","-1.43","GBP","--","FEE-7578126478414_11","Promoted Listings - General fee "
"3 Jun 2026","Order","22-14704-49208","22-14704-49208","1274_burton","carol ann burton","Shipley","West Yorkshire","Bd182ng","GB","6.5","GBP","--","--","--","--","Funds available within 2 days of order delivery. ","336497544256","10081584578122","1pc Urinal Bottle Male Female Urine Wee She Funnel Travel Camping Toilet Portabl","ZOSh0464","1","7.93","0","--","--","0%","-0.36","-1.03","-0.04","--","--","--","7.93","GBP","--","--","--"
"3 Jun 2026","Order","26-14697-62984","26-14697-62984","grandagra","Chad M. Saathoff","Double Oak","TX","75077-8268","US","23.15","GBP","--","--","--","--","--","336607241897","10081152522426","2Pack W10295²370A EDR1²RXD1 Filter²1 9081 Refrigerator Ice Replacement US NEW","FILTER 1_PA3","1","39.99","0","--","3.3","0%","-0.48","-6.6","--","--","--","-0.94","39.99","USD","0.72397","--","--"
"3 Jun 2026","Other fee","27-14696-26045","27-14696-26045","odliuk6","christine odling","--","--","--","--","-0.76","GBP","--","--","--","--","--","336339161386","--","--","--","--","--","--","--","--","0%","--","--","--","--","--","--","-0.76","GBP","--","FEE-7577849160514_11","Promoted Listings - General fee "
"3 Jun 2026","Order","27-14696-26045","27-14696-26045","odliuk6","christine odling","thisrk","North Yorkshire","YO73SW","GB","3.5","GBP","--","--","--","--","--","336339161386","10085506699327","10pcs Artificial Pampas Grass Fake Reed Flower Bunch Wedding Home Decor Bunch","ZOSh0399_Bl","1","4.23","0","--","--","0%","-0.12","-0.6","-0.01","--","--","--","4.23","GBP","--","--","--"
"3 Jun 2026","Order","03-14734-37672","03-14734-37672","bjul_ju_zlrejs","Julieta White","Polk City","FL","33868-4008","US","23.22","GBP","--","--","--","--","--","336607241897","10082240894503","2Pack W10295²370A EDR1²RXD1 Filter²1 9081 Refrigerator Ice Replacement US NEW","FILTER 1_PA3","1","39.99","0","--","2.8","0%","-0.48","-6.52","--","--","--","-0.92","39.99","USD","0.72397","--","--"
"3 Jun 2026","Order","19-14708-64379","19-14708-64379","jww2","John Wuichet","Lewis Center","OH","43035-6149","US","13.21","GBP","--","--","--","--","--","336607241897","10082301308719","2Pack W10295²370A EDR1²RXD1 Filter²1 9081 Refrigerator Ice Replacement US NEW","FILTER 1_PA2","1","22.99","0","--","1.61","0%","-0.48","-3.74","--","--","--","-0.53","22.99","USD","0.72397","--","--"
"3 Jun 2026","Other fee","01-14738-29470","01-14738-29470","kaycaughtmyeye","Katherine Dunker","--","--","--","--","-3.51","GBP","--","--","--","--","--","336583271189","--","--","--","--","--","--","--","--","0%","--","--","--","--","--","--","-4.61","USD","1.31308","FEE-7577550782914_11","Promoted Listings - General fee "
"3 Jun 2026","Order","01-14738-29470","01-14738-29470","kaycaughtmyeye","Katherine Dunker","Joint Base Mdl","NJ","08641-1902","US","13.8","GBP","--","--","--","--","--","336583271189","10081438211401","2 pack Frigidaire FPPWFU01 PWF-1 Refrige PurePour Water &Ice Refrigerater Filter","PurePour Filter 2 Pack","1","23.99","0","--","1.59","0%","-0.48","-3.9","--","--","--","-0.55","23.99","USD","0.72397","--","--"
"3 Jun 2026","Other fee","11-14719-90432","11-14719-90432","jordonleegrieveson10","Jordon Grieveson","--","--","--","--","-1.4","GBP","--","--","--","--","--","336375973242","--","--","--","--","--","--","--","--","0%","--","--","--","--","--","--","-1.4","GBP","--","FEE-7576682665814_11","Promoted Listings - General fee "
"3 Jun 2026","Order","11-14719-90432","11-14719-90432","jordonleegrieveson10","Jordon Grieveson","Doncaster","South Yorkshire","Dn12 1na","GB","6.54","GBP","--","--","--","--","--","336375973242","10082428902111","1pc Clothes Drying Rack Wall Mounted Adjustable Angle Collapsible Coat Hanger","MPL260011-CB_Wh","1","7.82","0","--","--","0%","-0.12","-1.12","-0.04","--","--","--","7.82","GBP","--","--","--"
"3 Jun 2026","Other fee","22-14701-00377","22-14701-00377","2014ukangha","Angharad Jones","--","--","--","--","-0.61","GBP","--","--","--","--","--","336519888576","--","--","--","--","--","--","--","--","0%","--","--","--","--","--","--","-0.61","GBP","--","FEE-7575454871214_11","Promoted Listings - General fee "
"3 Jun 2026","Order","22-14701-00377","22-14701-00377","2014ukangha","Angharad Jones","Tywnroddyn","Mid Glamorgan","cf47 0tn","GB","2.91","GBP","--","--","--","--","Funds available within 2 days of order delivery. ","336519888576","10081564833722","White Pearl Chrome Nail Powder Glitter Art Powder 0.5g Glimmer Hot Nails Premium","ZOSh0488","1","3.77","0","--","--","0%","-0.36","-0.49","-0.01","--","--","--","3.77","GBP","--","--","--"
"2 Jun 2026","Order","09-14721-15531","09-14721-15531","teddiespicnic","Tracey reid","wrexham","Wrexham","LL116BS","GB","9.56","GBP","--","--","--","--","--","336607223837","10081314709709","Food-Grade Silicone Dog Licking Bowl Rolling Ball Pet Slow Feeder Liquid Snack","AsReg29","2","11.94","0","--","--","0%","-0.48","-1.85","-0.05","--","--","--","11.94","GBP","--","--","--"
"2 Jun 2026","Order","04-14729-31338","04-14729-31338","reward40","Sean Barnes","Morpeth","--","Ne61 5re","GB","2.97","GBP","--","--","--","--","Funds available within 2 days of order delivery. ","336547384398","10081909472404","Aquarium Thermometer Fish Tank Temperature Gauge Easy Read Tropical Water","AsCaB0166","1","3.95","0","--","--","7%","-0.36","-0.61","-0.01","--","--","--","3.95","GBP","--","--","--"
"2 Jun 2026","Order","21-14700-97252","21-14700-97252","fountainofknowledge742","Greg Fleming","Borger","TX","79007-4802","US","46.7","GBP","--","--","--","--","--","336607241897","10086474982721","2Pack W10295²370A EDR1²RXD1 Filter²1 9081 Refrigerator Ice Replacement US NEW","FILTER 1_PA5","1","79.99","0","--","6.6","0%","-0.48","-13.2","--","--","--","-1.87","79.99","USD","0.72479","--","--"
"2 Jun 2026","Other fee","15-14710-67336","15-14710-67336","travelcup","Matt Hannan","--","--","--","--","-3.95","GBP","--","--","--","--","--","336590894250","--","--","--","--","--","--","--","--","0%","--","--","--","--","--","--","-5.17","USD","1.3116","FEE-7574479021014_11","Promoted Listings - General fee "
"2 Jun 2026","Order","15-14710-67336","15-14710-67336","travelcup","Matt Hannan","Woodland","WA","98674-9391","US","23.2","GBP","--","--","--","--","--","336590894250","10082326851815","US STOCK ✅ 4PK Frigidaire FPPWFU01 PWF-1 Refrige PurePour Water & Ice Filter New","PurePour Filter_PA3","1","39.99","0","--","3.08","0%","-0.48","-6.56","--","--","--","-0.94","39.99","USD","0.72479","--","--"
"2 Jun 2026","Other fee","02-14731-45535","02-14731-45535","blingandpink05","sufeya baggio","--","--","--","--","-0.43","GBP","--","--","--","--","--","336334564345","--","--","--","--","--","--","--","--","0%","--","--","--","--","--","--","-0.43","GBP","--","FEE-7574146020514_11","Promoted Listings - General fee "
"2 Jun 2026","Order","02-14731-45535","02-14731-45535","blingandpink05","sufeya baggio","wakefield","West Yorkshire","wf3 1jl","GB","3.06","GBP","--","--","--","--","--","336334564345","10081617031102","3x Mini Plastic Spray Bottles Perfume Bottle Travel  Makeup Water Refillable","MPL260061-CB_La","1","3.95","0","--","--","0%","-0.36","-0.52","-0.01","--","--","--","3.95","GBP","--","--","--"
"2 Jun 2026","Other fee","15-14709-16862","15-14709-16862","dmerns","David M Ernst","--","--","--","--","-7.27","GBP","--","--","--","--","--","336585334014","--","--","--","--","--","--","--","--","0%","--","--","--","--","--","--","-9.54","USD","1.3116","FEE-7573622696914_11","Promoted Listings - General fee "
"2 Jun 2026","Order","15-14709-16862","15-14709-16862","dmerns","David M Ernst","Louisville","KY","40223-5516","US","29.21","GBP","--","--","--","--","--","336585334014","10082318499915","Frigidaire FPPWFU01 PurePour PWF-1 Refrigerator Water Filter - 4 PACK","PurePour Filter 4 Pack","1","49.99","0","--","3","0%","-0.48","-8.08","--","--","--","-1.14","49.99","USD","0.72479","--","--"
"2 Jun 2026","Other fee","25-14693-31700","25-14693-31700","margareloc-6","margaret lock","--","--","--","--","-0.62","GBP","--","--","--","--","--","336334564530","--","--","--","--","--","--","--","--","0%","--","--","--","--","--","--","-0.62","GBP","--","FEE-7573563060814_11","Promoted Listings - General fee "
"2 Jun 2026","Order","25-14693-31700","25-14693-31700","margareloc-6","margaret lock","Chichester, Selsey","West Sussex","PO20 9BY","GB","3.44","GBP","--","--","--","--","--","336334564530","10081123618025","50 Pack of Heavy Duty Cup Hooks Screw in 21MM Coffee Hook Kitchen Mug Wall Hang","MPL260062-CB_Si","1","4.17","0","--","--","0%","-0.12","-0.6","-0.01","--","--","--","4.17","GBP","--","--","--"
"2 Jun 2026","Payout","--","--","--","--","--","--","--","--","-143.53","GBP","--","7537593778","WISE PAYMENTS LIMITED *8378","Funds sent","--","--","--","--","--","--","--","--","--","--","0%","--","--","--","--","--","--","-143.53","GBP","--","Bank reference ID 5LZ3J26TNU3026M","Scheduled payout. Usually arrive in 1-3 working days."
"2 Jun 2026","Order","25-14692-27577","25-14692-27577","dddelite1","Dolores Minter","King George","VA","22485-4308","US","33.39","GBP","--","--","--","--","--","336607241897","10081117611825","2Pack W10295²370A EDR1²RXD1 Filter²1 9081 Refrigerator Ice Replacement US NEW","FILTER 1_PA4","1","56.99","0","--","3.02","0%","-0.48","-9.14","--","--","--","-1.3","56.99","USD","0.72473","--","--"
"2 Jun 2026","Other fee","05-14724-63627","05-14724-63627","thom_8241","Thomas Thompson","--","--","--","--","-6.4","GBP","2 Jun 2026","7537593778","WISE PAYMENTS LIMITED *8378","Funds sent","--","336607301715","--","--","--","--","--","--","--","--","0%","--","--","--","--","--","--","-8.39","USD","1.31171","FEE-7572749137514_11","Promoted Listings - General fee "
"2 Jun 2026","Order","05-14724-63627","05-14724-63627","thom_8241","Thomas Thompson","Metamora","MI","48455-8980","US","38.64","GBP","--","--","--","--","--","336607301715","10081536039105","NEW 2 PK W10413²645A EDR2²RXD1 Filter 2 9082 Refrigerator Ice Replacement","Filter 2","3","65.97","0","--","3.96","0%","-0.48","-10.66","--","--","--","-1.51","65.97","USD","0.72473","--","--"
"2 Jun 2026","Other fee","26-14690-28641","26-14690-28641","zanzibarjones699","Phil Jackson","--","--","--","--","-1.08","GBP","2 Jun 2026","7537593778","WISE PAYMENTS LIMITED *8378","Funds sent","--","336584652696","--","--","--","--","--","--","--","--","0%","--","--","--","--","--","--","-1.08","GBP","--","FEE-7572671627614_11","Promoted Listings - General fee "
"2 Jun 2026","Order","26-14690-28641","26-14690-28641","zanzibarjones699","Phil Jackson","London","London","N17 6AX","GB","8.37","GBP","--","--","--","--","--","336584652696","10081110947026","Long Handled Dustpan and Brush Set Strong Metal Cleaning Lightweight Home Uk","AsReg101_Ye","1","9.96","0","--","--","0%","-0.12","-1.43","-0.04","--","--","--","9.96","GBP","--","--","--"
"1 Jun 2026","Other fee","20-14699-60841","20-14699-60841","jobeau_60","John Beaumont","--","--","--","--","-0.65","GBP","2 Jun 2026","7537593778","WISE PAYMENTS LIMITED *8378","Funds sent","--","336596193283","--","--","--","--","--","--","--","--","0%","--","--","--","--","--","--","-0.65","GBP","--","FEE-7572560785214_11","Promoted Listings - General fee "
"1 Jun 2026","Order","20-14699-60841","20-14699-60841","jobeau_60","John Beaumont","Halifax","West Yorkshire","HX2 7TE","GB","4.9","GBP","--","--","--","--","--","336596193283","10081280923820","2 X Led Side Marker Lights Indicator Lamp Trailer Truck 12v 24v Outline","AsReg19","1","5.96","0","--","--","0%","-0.36","-0.68","-0.02","--","--","--","5.96","GBP","--","--","--"
"1 Jun 2026","Other fee","23-14694-82263","23-14694-82263","arob8589","Annette Roberts","--","--","--","--","-0.88","GBP","2 Jun 2026","7537593778","WISE PAYMENTS LIMITED *8378","Funds sent","--","336487562614","--","--","--","--","--","--","--","--","0%","--","--","--","--","--","--","-0.88","GBP","--","FEE-7572492457414_11","Promoted Listings - General fee "
"1 Jun 2026","Order","23-14694-82263","23-14694-82263","arob8589","Annette Roberts","Manchester","Cheshire","M33 2TU","GB","4.03","GBP","--","--","--","--","--","336487562614","10081492209023","Over Neck Book Reading Lamp Light Handsfree LED Flexible USB Rechargeable Light","MPL260085-CB","1","4.87","0","--","--","0%","-0.12","-0.7","-0.02","--","--","--","4.87","GBP","--","--","--"
"1 Jun 2026","Other fee","17-14704-09357","17-14704-09357","tori190380","Victoria King","--","--","--","--","-0.88","GBP","2 Jun 2026","7537593778","WISE PAYMENTS LIMITED *8378","Funds sent","--","336487562614","--","--","--","--","--","--","--","--","0%","--","--","--","--","--","--","-0.88","GBP","--","FEE-7572434733314_11","Promoted Listings - General fee "
"1 Jun 2026","Order","17-14704-09357","17-14704-09357","tori190380","Victoria King","Blackpool","Blackpool","FY3 7JD","GB","4.03","GBP","--","--","--","--","--","336487562614","10082302010417","Over Neck Book Reading Lamp Light Handsfree LED Flexible USB Rechargeable Light","MPL260085-CB","1","4.87","0","--","--","0%","-0.12","-0.7","-0.02","--","--","--","4.87","GBP","--","--","--"
"1 Jun 2026","Other fee","03-14726-58370","03-14726-58370","jamejone-799","Jamie Nee","--","--","--","--","-0.65","GBP","2 Jun 2026","7537593778","WISE PAYMENTS LIMITED *8378","Funds sent","--","336596193283","--","--","--","--","--","--","--","--","0%","--","--","--","--","--","--","-0.65","GBP","--","FEE-7572412722514_11","Promoted Listings - General fee "
"1 Jun 2026","Order","03-14726-58370","03-14726-58370","jamejone-799","Jamie Nee","Liverpool","Merseyside","L10 7NQ","GB","4.9","GBP","--","--","--","--","--","336596193283","10082196824703","2 X Led Side Marker Lights Indicator Lamp Trailer Truck 12v 24v Outline","AsReg19","1","5.96","0","--","--","0%","-0.36","-0.68","-0.02","--","--","--","5.96","GBP","--","--","--"
"1 Jun 2026","Other fee","17-14704-01363","17-14704-01363","joe_bron","Joe Bronstein","--","--","--","--","-1.04","GBP","2 Jun 2026","7537593778","WISE PAYMENTS LIMITED *8378","Funds sent","--","336334564403","--","--","--","--","--","--","--","--","0%","--","--","--","--","--","--","-1.04","GBP","--","FEE-7572405588514_11","Promoted Listings - General fee "
"1 Jun 2026","Order","17-14704-01363","17-14704-01363","joe_bron","Joe Bronstein","Glasgow","Glasgow (City of)","G20 6AB","GB","5.8","GBP","--","--","--","--","--","336334564403","10082301569217","Sliding Barn Door Lock Stainless Steel Bolt Anti Theft Latch with Shed Pet Cage","MPL260071-CB","2","6.94","0","--","--","0%","-0.12","-1","-0.02","--","--","--","6.94","GBP","--","--","--"
"1 Jun 2026","Other fee","--","--","--","--","--","--","--","--","-92.4","GBP","2 Jun 2026","7537593778","WISE PAYMENTS LIMITED *8378","Funds sent","--","--","--","--","--","--","--","--","--","--","0%","--","--","--","--","--","--","-92.4","GBP","--","Fee ID 7571802959714_11","Shop (Premium): Subscription fee 1 - 30 Jun"
"1 Jun 2026","Other fee","27-14674-78738","27-14674-78738","baglady51","Rachal Sambora-Gilbert","--","--","--","--","1.3","GBP","2 Jun 2026","7537593778","WISE PAYMENTS LIMITED *8378","Funds sent","--","336590867168","--","--","--","--","--","--","--","--","0%","--","--","--","--","--","--","1.3","GBP","--","FEE-10384218153_42","Promoted Listings - General fee "
"1 Jun 2026","Other fee","13-14695-58271","13-14695-58271","simonsmyth","Simon Smyth","--","--","--","--","1.3","GBP","2 Jun 2026","7537593778","WISE PAYMENTS LIMITED *8378","Funds sent","--","336590867168","--","--","--","--","--","--","--","--","0%","--","--","--","--","--","--","1.3","GBP","--","FEE-10384218106_42","Promoted Listings - General fee "
"1 Jun 2026","Other fee","07-14709-30272","07-14709-30272","geri6006","Helen Rees","--","--","--","--","1.3","GBP","2 Jun 2026","7537593778","WISE PAYMENTS LIMITED *8378","Funds sent","--","336590867168","--","--","--","--","--","--","--","--","0%","--","--","--","--","--","--","1.3","GBP","--","FEE-10384210553_42","Promoted Listings - General fee "
"1 Jun 2026","Refund","27-14674-78738","27-14674-78738","baglady51","Rachal Sambora-Gilbert","Lathom, Ormskirk","Lancashire","L40 6JL","GB","-9.88","GBP","2 Jun 2026","7537593778","WISE PAYMENTS LIMITED *8378","Funds sent","--","--","--","Garden Kneeler Folding 3-Pocket Gardening Kneeling Stool Tool Bag","AsReg11","--","--","--","--","--","0%","0.48","1.56","0.05","--","--","--","-11.97","GBP","--","Cancellation ID 5441811656","--"
"1 Jun 2026","Refund","13-14695-58271","13-14695-58271","simonsmyth","Simon Smyth","Liverpool","Merseyside","L18 0HJ","GB","-9.88","GBP","2 Jun 2026","7537593778","WISE PAYMENTS LIMITED *8378","Funds sent","--","--","--","Garden Kneeler Folding 3-Pocket Gardening Kneeling Stool Tool Bag","AsReg11","--","--","--","--","--","0%","0.48","1.56","0.05","--","--","--","-11.97","GBP","--","Cancellation ID 5441810328","--"
"1 Jun 2026","Refund","07-14709-30272","07-14709-30272","geri6006","Helen Rees","Cardiff","Cardiff","CF5 1QQ","GB","-9.88","GBP","2 Jun 2026","7537593778","WISE PAYMENTS LIMITED *8378","Funds sent","--","--","--","Garden Kneeler Folding 3-Pocket Gardening Kneeling Stool Tool Bag","AsReg11","--","--","--","--","--","0%","0.48","1.56","0.05","--","--","--","-11.97","GBP","--","Cancellation ID 5441813793","--"
"1 Jun 2026","Order","19-14698-03933","19-14698-03933","royalblu2","Jeffrey Shaeffer","Maineville","OH","45039-8637","US","23.26","GBP","--","--","--","--","--","336607241897","10082241206619","2Pack W10295²370A EDR1²RXD1 Filter²1 9081 Refrigerator Ice Replacement US NEW","FILTER 1_PA3","1","39.99","0","--","2.7","0%","-0.48","-6.5","--","--","--","-0.92","39.99","USD","0.72473","--","--"
"1 Jun 2026","Order","26-14686-13054","26-14686-13054","welcome2memphis","Ester Kimmons","Kankakee","IL","60901-2332","US","9.06","GBP","--","--","--","--","--","336607241897","10081087307626","2Pack W10295²370A EDR1²RXD1 Filter²1 9081 Refrigerator Ice Replacement US NEW","FILTER 1_PA","1","15.99","0","--","1.32","0%","-0.48","-2.64","--","--","--","-0.37","15.99","USD","0.72473","--","--"